sid,season,name,issued_time,tcws_1,tcws_2,tcws_3,tcws_4,tcws_5
24-TC01,2024,AGHON,2024-05-24 05:00:00,Eastern Samar,,,,
24-TC01,2024,AGHON,2024-05-24 11:00:00,Surigao Del Sur; Southern Leyte; Camarines Sur; Catanduanes; Leyte,,,,
24-TC01,2024,AGHON,2024-05-24 14:00:00,Southern Leyte; Biliran; Masbate; Leyte,,,,
24-TC01,2024,AGHON,2024-05-24 17:00:00,Quezon; Bohol,,,,
24-TC01,2024,AGHON,2024-05-24 20:00:00,Camarines Sur; Catanduanes; Sorsogon; Albay; Bohol,,,,
24-TC01,2024,AGHON,2024-05-24 23:00:00,Agusan Del Sur; Camarines Sur; Bohol,,,,
24-TC01,2024,AGHON,2024-05-25 02:00:00,Camarines Sur; Bohol,,,,
24-TC01,2024,AGHON,2024-05-25 05:00:00,Romblon; Quezon,,,,
24-TC01,2024,AGHON,2024-05-25 08:00:00,Romblon,,,,
24-TC01,2024,AGHON,2024-05-25 11:00:00,Laguna; Leyte,,,,
24-TC01,2024,AGHON,2024-05-25 14:00:00,Oriental Mindoro; Marinduque; Laguna; Rizal,,,,
24-TC01,2024,AGHON,2024-05-25 17:00:00,NCR; Batangas,,,,
24-TC01,2024,AGHON,2024-05-25 20:00:00,Batangas,,,,
24-TC01,2024,AGHON,2024-05-25 23:00:00,NCR; Batangas,,,,
24-TC01,2024,AGHON,2024-05-26 02:00:00,NCR; Batangas,,,,
24-TC01,2024,AGHON,2024-05-26 05:00:00,NCR; Pampanga; Bulacan; Cavite; Laguna; Quezon; Rizal,,,,
24-TC01,2024,AGHON,2024-05-26 08:00:00,NCR; Pampanga; Bulacan; Cavite; Quezon,Batangas; Laguna; Rizal,,,
24-TC01,2024,AGHON,2024-05-26 11:00:00,Pampanga; Aurora,Batangas; Laguna,,,
24-TC01,2024,AGHON,2024-05-26 17:00:00,Pampanga; Bataan,Batangas,,,
24-TC01,2024,AGHON,2024-05-26 20:00:00,Pampanga; Bataan,NCR; Batangas; Laguna,,,
24-TC01,2024,AGHON,2024-05-26 23:00:00,Pampanga,Camarines Norte; Quezon,,,
24-TC01,2024,AGHON,2024-05-27 02:00:00,NCR; Bulacan; Cavite; Laguna; Rizal,Aurora; Quezon,,,
24-TC01,2024,AGHON,2024-05-27 05:00:00,Bulacan; Rizal,Aurora,,,
24-TC01,2024,AGHON,2024-05-27 08:00:00,Nueva Vizcaya; Quirino; Quezon,Isabela; Aurora,,,
24-TC01,2024,AGHON,2024-05-27 11:00:00,Nueva Vizcaya; Quirino; Quezon,Isabela; Aurora,,,
24-TC01,2024,AGHON,2024-05-27 17:00:00,Aurora; Quezon,,,,
24-TC01,2024,AGHON,2024-05-27 23:00:00,Isabela; Aurora,,,,
24-TC01,2024,AGHON,2024-05-28 05:00:00,,,,,
24-TC01,2024,AGHON,2024-05-28 11:00:00,,,,,
24-TC01,2024,AGHON,2024-05-28 17:00:00,,,,,
24-TC01,2024,AGHON,2024-05-28 23:00:00,,,,,
24-TC01,2024,AGHON,2024-05-29 05:00:00,,,,,
24-TC01,2024,AGHON,2024-05-29 11:00:00,,,,,
24-TC01,2024,AGHON,2024-05-29 17:00:00,,,,,
24-TC02,2024,BUTCHOY,2024-07-19 23:00:00,,,,,
24-TC02,2024,BUTCHOY,2024-07-20 05:00:00,,,,,
24-TC02,2024,BUTCHOY,2024-07-20 11:00:00,,,,,
24-TC03,2024,CARINA,2024-07-19 23:00:00,,,,,
24-TC03,2024,CARINA,2024-07-20 05:00:00,,,,,
24-TC03,2024,CARINA,2024-07-20 11:00:00,,,,,
24-TC03,2024,CARINA,2024-07-20 17:00:00,,,,,
24-TC03,2024,CARINA,2024-07-20 23:00:00,,,,,
24-TC03,2024,CARINA,2024-07-21 05:00:00,,,,,
24-TC03,2024,CARINA,2024-07-21 11:00:00,,,,,
24-TC03,2024,CARINA,2024-07-21 17:00:00,,,,,
24-TC03,2024,CARINA,2024-07-21 23:00:00,Cagayan,,,,
24-TC03,2024,CARINA,2024-07-22 05:00:00,Isabela,,,,
24-TC03,2024,CARINA,2024-07-22 11:00:00,Camiguin; Isabela,,,,
24-TC03,2024,CARINA,2024-07-22 17:00:00,Camiguin; Isabela,,,,
24-TC03,2024,CARINA,2024-07-22 23:00:00,Apayao,,,,
24-TC03,2024,CARINA,2024-07-23 05:00:00,Apayao,,,,
24-TC03,2024,CARINA,2024-07-23 11:00:00,Ilocos Norte; Apayao; Aurora,Batanes,,,
24-TC03,2024,CARINA,2024-07-23 17:00:00,Ilocos Norte; Apayao,Batanes,,,
24-TC03,2024,CARINA,2024-07-23 23:00:00,Ilocos Norte,Batanes,,,
24-TC03,2024,CARINA,2024-07-24 05:00:00,Ilocos Norte,Batanes,,,
24-TC03,2024,CARINA,2024-07-24 11:00:00,Ilocos Norte,Batanes,,,
24-TC03,2024,CARINA,2024-07-24 17:00:00,Ilocos Norte,Batanes,,,
24-TC03,2024,CARINA,2024-07-24 23:00:00,Ilocos Norte,Batanes,,,
24-TC03,2024,CARINA,2024-07-25 05:00:00,Batanes,,,,
24-TC03,2024,CARINA,2024-07-25 11:00:00,Batanes,,,,
24-TC03,2024,CARINA,2024-07-25 17:00:00,Batanes,,,,
24-TC03,2024,CARINA,2024-07-25 23:00:00,,,,,
24-TC04,2024,DINDO,2024-08-18 23:00:00,,,,,
24-TC04,2024,DINDO,2024-08-19 05:00:00,,,,,
24-TC04,2024,DINDO,2024-08-19 11:00:00,,,,,
24-TC05,2024,ENTENG,2024-09-01 11:00:00,Leyte,,,,
24-TC05,2024,ENTENG,2024-09-01 14:00:00,Leyte,,,,
24-TC05,2024,ENTENG,2024-09-01 17:00:00,Quezon; Leyte,,,,
24-TC05,2024,ENTENG,2024-09-01 20:00:00,Aurora; Quezon,,,,
24-TC05,2024,ENTENG,2024-09-01 23:00:00,Nueva Vizcaya; Quirino; Aurora,Isabela,,,
24-TC05,2024,ENTENG,2024-09-02 02:00:00,Northern Samar; Aurora; Quezon,Catanduanes; Cagayan; Isabela,,,
24-TC05,2024,ENTENG,2024-09-02 05:00:00,Bulacan; Laguna,Isabela; Rizal,,,
24-TC05,2024,ENTENG,2024-09-02 08:00:00,Bulacan,Isabela; Quirino,,,
24-TC05,2024,ENTENG,2024-09-02 11:00:00,NCR,Camarines Norte; Isabela; Quirino; Aurora,,,
24-TC05,2024,ENTENG,2024-09-02 14:00:00,,Camarines Norte; Aurora,,,
24-TC05,2024,ENTENG,2024-09-02 17:00:00,NCR,Cagayan; Isabela; Quirino; Aurora,,,
24-TC05,2024,ENTENG,2024-09-02 20:00:00,Mountain Province; Nueva Vizcaya; Nueva Ecija; Benguet; Aurora,Cagayan; Isabela; Quirino; Ifugao,,,
24-TC05,2024,ENTENG,2024-09-02 23:00:00,Nueva Ecija; Aurora,Mountain Province; Cagayan; Isabela; Kalinga; Quirino; Apayao; Ifugao; Abra,,,
24-TC05,2024,ENTENG,2024-09-03 02:00:00,Nueva Ecija,Aurora; Quezon,,,
24-TC05,2024,ENTENG,2024-09-03 05:00:00,Nueva Vizcaya; Isabela,Cagayan; Rizal,,,
24-TC05,2024,ENTENG,2024-09-03 08:00:00,Aurora; Quezon,Cagayan; Kalinga; Rizal,,,
24-TC05,2024,ENTENG,2024-09-03 11:00:00,Benguet,NCR; Ilocos Sur,,,
24-TC05,2024,ENTENG,2024-09-03 17:00:00,NCR; Abra,,,,
24-TC05,2024,ENTENG,2024-09-03 23:00:00,NCR; Abra,,,,
24-TC05,2024,ENTENG,2024-09-04 05:00:00,,,,,
24-TC06,2024,FERDIE,2024-09-13 23:00:00,,,,,
24-TC06,2024,FERDIE,2024-09-14 05:00:00,,,,,
24-TC07,2024,GENER,2024-09-16 08:00:00,Kalinga; Apayao,,,,
24-TC07,2024,GENER,2024-09-16 11:00:00,Mountain Province; Ilocos Norte; Nueva Ecija; Ilocos Sur; Pangasinan; La Union; Zambales; Benguet; Kalinga; Aurora; Ifugao; Quezon; Tarlac; Abra,,,,
24-TC07,2024,GENER,2024-09-16 14:00:00,Mountain Province; Ilocos Norte; Nueva Ecija; Ilocos Sur; Pangasinan; La Union; Zambales; Benguet; Kalinga; Aurora; Ifugao; Quezon; Tarlac; Abra,,,,
24-TC07,2024,GENER,2024-09-16 17:00:00,Mountain Province; Ilocos Norte; Nueva Ecija; Ilocos Sur; Pangasinan; La Union; Zambales; Benguet; Kalinga; Aurora; Ifugao; Quezon; Tarlac; Abra,,,,
24-TC07,2024,GENER,2024-09-16 20:00:00,Mountain Province; Ilocos Norte; Nueva Ecija; Ilocos Sur; Pangasinan; La Union; Zambales; Benguet; Kalinga; Aurora; Ifugao; Quezon; Tarlac; Abra,,,,
24-TC07,2024,GENER,2024-09-16 23:00:00,Pampanga,,,,
24-TC07,2024,GENER,2024-09-17 02:00:00,,,,,
24-TC07,2024,GENER,2024-09-17 05:00:00,Quezon; Rizal,,,,
24-TC07,2024,GENER,2024-09-17 08:00:00,Quezon; Rizal,,,,
24-TC07,2024,GENER,2024-09-17 11:00:00,Mountain Province; Ilocos Norte; Nueva Ecija; Ilocos Sur; Pangasinan; La Union; Pampanga; Zambales; Benguet; Kalinga; Ifugao; Tarlac; Abra,,,,
24-TC07,2024,GENER,2024-09-17 14:00:00,Ilocos Norte; Ilocos Sur; Pangasinan; La Union; Benguet; Apayao; Abra,,,,
24-TC07,2024,GENER,2024-09-17 17:00:00,,,,,
24-TC07,2024,GENER,2024-09-17 23:00:00,,,,,
24-TC07,2024,GENER,2024-09-18 05:00:00,,,,,
24-TC08,2024,HELEN,2024-09-17 23:00:00,,,,,
24-TC08,2024,HELEN,2024-09-18 05:00:00,,,,,
24-TC08,2024,HELEN,2024-09-18 11:00:00,,,,,
24-TC08,2024,HELEN,2024-09-18 17:00:00,,,,,
24-TC08,2024,HELEN,2024-09-18 23:00:00,,,,,
24-TC09,2024,IGME,2024-09-20 17:00:00,Batanes,,,,
24-TC09,2024,IGME,2024-09-20 23:00:00,,,,,
24-TC09,2024,IGME,2024-09-21 05:00:00,,,,,
24-TC10,2024,JULIAN,2024-09-27 05:00:00,,,,,
24-TC10,2024,JULIAN,2024-09-27 11:00:00,,,,,
24-TC10,2024,JULIAN,2024-09-27 17:00:00,,,,,
24-TC10,2024,JULIAN,2024-09-27 23:00:00,Apayao,,,,
24-TC10,2024,JULIAN,2024-09-28 05:00:00,Apayao,,,,
24-TC10,2024,JULIAN,2024-09-28 11:00:00,Ilocos Norte; Isabela; Apayao,,,,
24-TC10,2024,JULIAN,2024-09-28 17:00:00,Mountain Province; Ilocos Norte; Aurora; Ifugao,,,,
24-TC10,2024,JULIAN,2024-09-28 23:00:00,NCR; Ilocos Norte; Ilocos Sur; Ifugao,,,,
24-TC10,2024,JULIAN,2024-09-29 05:00:00,NCR; Ilocos Norte; Ilocos Sur; Ifugao,Camiguin; Cagayan,,,
24-TC10,2024,JULIAN,2024-09-29 11:00:00,Benguet; Aurora,Camiguin,,,
24-TC10,2024,JULIAN,2024-09-29 14:00:00,Nueva Vizcaya; Benguet; Isabela; Quirino,Ilocos Norte,,,
24-TC10,2024,JULIAN,2024-09-29 17:00:00,Aurora,Ilocos Norte,Batanes,,
24-TC10,2024,JULIAN,2024-09-29 20:00:00,Aurora,Ilocos Norte; Cagayan; Apayao,,Batanes,
24-TC10,2024,JULIAN,2024-09-29 23:00:00,Aurora,Ilocos Norte; Cagayan; Apayao,,Batanes,
24-TC10,2024,JULIAN,2024-09-30 02:00:00,,Ilocos Norte; Apayao,Cagayan,Batanes,
24-TC10,2024,JULIAN,2024-09-30 05:00:00,,Ilocos Norte; Apayao,Cagayan,Batanes,
24-TC10,2024,JULIAN,2024-09-30 08:00:00,,Ilocos Norte; Kalinga; Rizal,Cagayan,Batanes,
24-TC10,2024,JULIAN,2024-09-30 11:00:00,,NCR,Cagayan,Batanes,
24-TC10,2024,JULIAN,2024-09-30 14:00:00,Nueva Ecija; Aurora; Rizal,NCR,,Batanes,
24-TC10,2024,JULIAN,2024-09-30 17:00:00,Nueva Vizcaya; Nueva Ecija; Isabela; Quirino; Aurora,Ilocos Norte; Ilocos Sur; Kalinga; Abra,,Batanes,
24-TC10,2024,JULIAN,2024-09-30 23:00:00,Nueva Vizcaya; Nueva Ecija; Isabela; Quirino; Aurora,Cagayan,Batanes,,
24-TC10,2024,JULIAN,2024-10-01 05:00:00,Nueva Vizcaya; Nueva Ecija; Isabela; Quirino; Aurora,Cagayan,,,
24-TC10,2024,JULIAN,2024-10-01 11:00:00,Nueva Vizcaya; Nueva Ecija; Isabela; Quirino; Aurora,Cagayan,,,
24-TC10,2024,JULIAN,2024-10-01 17:00:00,Isabela; Aurora; Quezon,,,,
24-TC10,2024,JULIAN,2024-10-01 23:00:00,Mountain Province; Ilocos Norte; Ilocos Sur,,,,
24-TC10,2024,JULIAN,2024-10-02 05:00:00,Cagayan,,,,
24-TC10,2024,JULIAN,2024-10-02 11:00:00,Cagayan,,,,
24-TC10,2024,JULIAN,2024-10-02 17:00:00,Ilocos Norte,,,,
24-TC10,2024,JULIAN,2024-10-02 23:00:00,Batanes,,,,
24-TC10,2024,JULIAN,2024-10-03 05:00:00,Batanes,,,,
24-TC10,2024,JULIAN,2024-10-03 11:00:00,Batanes,,,,
24-TC10,2024,JULIAN,2024-10-03 17:00:00,,,,,
24-TC10,2024,JULIAN,2024-10-03 23:00:00,,,,,
24-TC10,2024,JULIAN,2024-10-04 05:00:00,,,,,
24-TC11,2024,KRISTINE,2024-10-21 05:00:00,Eastern Samar; Catanduanes,,,,
24-TC11,2024,KRISTINE,2024-10-21 11:00:00,Camarines Norte; Southern Leyte; Eastern Samar; Sorsogon; Biliran; Quezon; Leyte,,,,
24-TC11,2024,KRISTINE,2024-10-21 17:00:00,Surigao Del Norte; Biliran; Quezon; Leyte,,,,
24-TC11,2024,KRISTINE,2024-10-21 23:00:00,Surigao Del Norte; Biliran; Leyte,,,,
24-TC11,2024,KRISTINE,2024-10-22 05:00:00,Surigao Del Norte; Biliran; Quezon; Leyte,,,,
24-TC11,2024,KRISTINE,2024-10-22 11:00:00,NCR; Batangas; Biliran; Bulacan; Masbate; Cavite; Laguna; Quezon; Leyte; Rizal,Catanduanes,,,
24-TC11,2024,KRISTINE,2024-10-22 17:00:00,Southern Leyte; Biliran; Quezon; Leyte; Rizal,Eastern Samar; Albay,,,
24-TC11,2024,KRISTINE,2024-10-22 23:00:00,NCR; Occidental Mindoro; Oriental Mindoro; Batangas; Cavite; Laguna; Quezon; Rizal,Camarines Sur; Eastern Samar,,,
24-TC11,2024,KRISTINE,2024-10-23 05:00:00,Occidental Mindoro; Oriental Mindoro; Marinduque; Romblon; Cebu,Camarines Norte; Quezon,,,
24-TC11,2024,KRISTINE,2024-10-23 08:00:00,Oriental Mindoro; Marinduque; Romblon; Cebu,Quezon,,,
24-TC11,2024,KRISTINE,2024-10-23 11:00:00,Marinduque; Sorsogon; Romblon; Cebu,NCR; Pampanga; Zambales; Bulacan; Bataan; Tarlac,,,
24-TC11,2024,KRISTINE,2024-10-23 14:00:00,Marinduque; Sorsogon; Romblon; Cebu,NCR; Pampanga; Zambales; Bulacan; Bataan; Tarlac,,,
24-TC11,2024,KRISTINE,2024-10-23 17:00:00,Marinduque; Sorsogon; Romblon; Albay; Cebu,NCR; Pampanga; Zambales; Bulacan; Bataan; Cavite; Laguna; Tarlac; Rizal,Nueva Ecija; Pangasinan; La Union,,
24-TC11,2024,KRISTINE,2024-10-23 20:00:00,Palawan; Cebu,NCR; Batangas; Pampanga; Zambales; Bulacan; Bataan; Cavite; Laguna; Quezon; Tarlac; Rizal,Nueva Ecija; Pangasinan; La Union,,
24-TC11,2024,KRISTINE,2024-10-23 23:00:00,Eastern Samar,Quezon,Tarlac; Rizal,,
24-TC11,2024,KRISTINE,2024-10-24 02:00:00,Eastern Samar,Quezon,Tarlac; Rizal,,
24-TC11,2024,KRISTINE,2024-10-24 05:00:00,Northern Samar; Biliran; Cebu,NCR; Batangas; Zambales; Bataan; Cavite; Laguna; Quezon,Tarlac; Rizal,,
24-TC11,2024,KRISTINE,2024-10-24 08:00:00,Biliran,NCR; Batangas; Zambales; Bataan; Cavite; Laguna; Quezon,Tarlac; Rizal,,
24-TC11,2024,KRISTINE,2024-10-24 11:00:00,,NCR; Batangas; Cavite; Laguna; Rizal,Quirino,,
24-TC11,2024,KRISTINE,2024-10-24 14:00:00,Northern Samar,NCR; Batangas; Pampanga; Bulacan; Cavite; Rizal,Ilocos Sur; Pangasinan; La Union; Benguet,,
24-TC11,2024,KRISTINE,2024-10-24 17:00:00,Northern Samar,Mountain Province; Ilocos Norte; Nueva Ecija; Zambales; Benguet; Aurora; Ifugao; Tarlac,Ilocos Sur; Pangasinan; La Union,,
24-TC11,2024,KRISTINE,2024-10-24 20:00:00,Camarines Norte; Camarines Sur; Catanduanes; Palawan,Cavite,,,
24-TC11,2024,KRISTINE,2024-10-24 23:00:00,Camarines Norte; Palawan,Cavite,,,
24-TC11,2024,KRISTINE,2024-10-25 02:00:00,Camarines Norte; Palawan,Cavite,,,
24-TC11,2024,KRISTINE,2024-10-25 05:00:00,Camarines Norte; Camarines Sur; Catanduanes; Sorsogon; Iloilo; Albay,Cavite,,,
24-TC11,2024,KRISTINE,2024-10-25 11:00:00,Occidental Mindoro; Oriental Mindoro; Marinduque; Antique; Palawan; Romblon; Quezon; Rizal,Mountain Province; Ilocos Norte; Nueva Ecija; Ilocos Sur; Pangasinan; La Union; Pampanga; Zambales; Benguet; Kalinga; Apayao; Bataan; Ifugao; Tarlac; Abra,,,
24-TC11,2024,KRISTINE,2024-10-25 17:00:00,NCR; Nueva Ecija; Pampanga; Zambales; Bulacan; Bataan; Cavite; Tarlac; Rizal,,,,
24-TC11,2024,KRISTINE,2024-10-25 23:00:00,,,,,
24-TC12,2024,LEON,2024-10-26 23:00:00,,,,,
24-TC12,2024,LEON,2024-10-27 05:00:00,,,,,
24-TC12,2024,LEON,2024-10-27 11:00:00,,,,,
24-TC12,2024,LEON,2024-10-27 17:00:00,,,,,
24-TC12,2024,LEON,2024-10-27 23:00:00,,,,,
24-TC12,2024,LEON,2024-10-28 05:00:00,,,,,
24-TC12,2024,LEON,2024-10-28 11:00:00,Catanduanes; Quirino; Aurora; Ifugao,,,,
24-TC12,2024,LEON,2024-10-28 17:00:00,Camarines Norte,,,,
24-TC12,2024,LEON,2024-10-28 23:00:00,Camarines Norte; Camarines Sur,,,,
24-TC12,2024,LEON,2024-10-29 05:00:00,Camarines Sur; Catanduanes,,,,
24-TC12,2024,LEON,2024-10-29 11:00:00,Camarines Norte; Camarines Sur; Catanduanes; Albay,Isabela,,,
24-TC12,2024,LEON,2024-10-29 17:00:00,Camarines Norte; Camarines Sur; Catanduanes; Quezon; Albay,Kalinga; Quirino; Apayao; Rizal; Abra,,,
24-TC12,2024,LEON,2024-10-29 23:00:00,Camarines Norte; Camarines Sur; Quezon,Kalinga; Apayao; Aurora,,,
24-TC12,2024,LEON,2024-10-30 05:00:00,Camarines Norte; Bulacan; Quezon,Kalinga; Apayao; Aurora,Batanes,,
24-TC12,2024,LEON,2024-10-30 11:00:00,Camarines Norte; Bulacan; Quezon,Kalinga; Quirino; Apayao; Aurora; Abra,Camiguin; Batanes; Cagayan,,
24-TC12,2024,LEON,2024-10-30 14:00:00,Camarines Norte; Bulacan; Quezon,Kalinga; Quirino; Apayao; Aurora; Abra,Camiguin; Cagayan,Batanes,
24-TC12,2024,LEON,2024-10-30 17:00:00,Nueva Ecija; Ilocos Sur; Pangasinan; La Union; Benguet; Aurora; Tarlac,NCR; Kalinga; Apayao; Abra,Camiguin; Cagayan,Batanes,
24-TC12,2024,LEON,2024-10-30 20:00:00,Aurora; Tarlac,NCR; Kalinga; Apayao; Abra,Camiguin; Cagayan,Batanes,
24-TC12,2024,LEON,2024-10-30 23:00:00,,Kalinga; Quirino; Apayao; Rizal; Abra,Camiguin; Cagayan,,Batanes
24-TC12,2024,LEON,2024-10-31 02:00:00,,Kalinga; Quirino; Apayao; Rizal; Abra,Camiguin; Cagayan,,Batanes
24-TC12,2024,LEON,2024-10-31 05:00:00,Mountain Province; Ilocos Sur; La Union; Benguet; Kalinga; Aurora; Ifugao; Quezon; Abra,Ilocos Norte; Cagayan; Isabela; Apayao,,,Batanes
24-TC12,2024,LEON,2024-10-31 08:00:00,Ilocos Sur; Benguet; Ifugao,Ilocos Norte; Apayao,,Batanes,
24-TC12,2024,LEON,2024-10-31 11:00:00,Ilocos Norte; Ilocos Sur; Benguet; Ifugao,,Batanes,,
24-TC12,2024,LEON,2024-10-31 17:00:00,Ilocos Norte,Batanes,,,
24-TC12,2024,LEON,2024-10-31 23:00:00,,,,,
24-TC12,2024,LEON,2024-11-01 05:00:00,,,,,
24-TC13,2024,MARCE,2024-11-04 05:00:00,,,,,
24-TC13,2024,MARCE,2024-11-04 11:00:00,,,,,
24-TC13,2024,MARCE,2024-11-04 17:00:00,,,,,
24-TC13,2024,MARCE,2024-11-04 23:00:00,Isabela,,,,
24-TC13,2024,MARCE,2024-11-05 05:00:00,Apayao,,,,
24-TC13,2024,MARCE,2024-11-05 11:00:00,Quirino; Quezon,,,,
24-TC13,2024,MARCE,2024-11-05 17:00:00,Nueva Vizcaya; Benguet; Isabela; Quirino; Aurora; Ifugao,,,,
24-TC13,2024,MARCE,2024-11-05 23:00:00,Nueva Vizcaya; Benguet; Isabela; Quirino; Aurora; Ifugao,Cagayan,,,
24-TC13,2024,MARCE,2024-11-06 05:00:00,Nueva Vizcaya; Benguet; Isabela; Quirino; Aurora; Ifugao,Cagayan,,,
24-TC13,2024,MARCE,2024-11-06 08:00:00,Nueva Vizcaya; Isabela; Quirino,Cagayan,,,
24-TC13,2024,MARCE,2024-11-06 11:00:00,Nueva Vizcaya; Benguet; Isabela; Quirino; Aurora,Apayao; Rizal,Cagayan,,
24-TC13,2024,MARCE,2024-11-06 14:00:00,Mountain Province; Nueva Vizcaya; Benguet; Isabela; Kalinga; Quirino; Aurora; Ifugao,NCR; Ilocos Norte; Ilocos Sur; Rizal; Abra,Cagayan,,
24-TC13,2024,MARCE,2024-11-06 17:00:00,Mountain Province; Nueva Vizcaya; Benguet; Isabela; Kalinga; Quirino; Aurora; Ifugao,NCR; Ilocos Norte; Ilocos Sur; Rizal; Abra,Cagayan,,
24-TC13,2024,MARCE,2024-11-06 20:00:00,Mountain Province; Nueva Vizcaya; Benguet; Isabela; Quirino; Aurora; Ifugao,NCR; Ilocos Norte; Ilocos Sur; Kalinga,Camiguin; Apayao; Rizal,,
24-TC13,2024,MARCE,2024-11-06 23:00:00,Nueva Vizcaya; Benguet; Isabela; Quirino; Aurora; Ifugao,NCR; Mountain Province; Ilocos Norte; Ilocos Sur; Kalinga,Apayao; Rizal,,
24-TC13,2024,MARCE,2024-11-07 02:00:00,Nueva Vizcaya; Nueva Ecija; Zambales; Quirino; Aurora,NCR; Ilocos Sur,Ilocos Norte; Cagayan; Apayao,Camiguin,
24-TC13,2024,MARCE,2024-11-07 05:00:00,Nueva Vizcaya; Nueva Ecija; Zambales; Quirino,Mountain Province; Benguet; Kalinga; Aurora; Ifugao,Ilocos Norte; Batanes; Cagayan; Abra,Apayao,
24-TC13,2024,MARCE,2024-11-07 08:00:00,Nueva Vizcaya; Nueva Ecija; Zambales; Quirino,Mountain Province; Kalinga; Aurora; Ifugao,NCR; Ilocos Sur; Abra,Ilocos Norte; Apayao,
24-TC13,2024,MARCE,2024-11-07 11:00:00,Nueva Vizcaya; Nueva Ecija; Zambales; Quirino,Mountain Province; Kalinga; Aurora; Ifugao,NCR; Ilocos Sur; Abra,Apayao,
24-TC13,2024,MARCE,2024-11-07 14:00:00,Nueva Vizcaya; Nueva Ecija; Zambales; Quirino,Mountain Province; Kalinga; Aurora; Ifugao,NCR; Ilocos Sur; Abra,Apayao,
24-TC13,2024,MARCE,2024-11-07 17:00:00,Nueva Vizcaya; Nueva Ecija; Zambales; Quirino,Mountain Province; Kalinga; Aurora; Ifugao,NCR; Ilocos Sur; Abra,Apayao,
24-TC13,2024,MARCE,2024-11-07 20:00:00,Nueva Vizcaya; Nueva Ecija; Zambales; Quirino,Mountain Province; Kalinga; Aurora; Ifugao,NCR; Ilocos Sur; Abra,Ilocos Norte; Apayao,
24-TC13,2024,MARCE,2024-11-07 23:00:00,Nueva Vizcaya; Nueva Ecija; Zambales; Isabela; Quirino; Aurora,Mountain Province; Kalinga; Ifugao; Abra,NCR; Ilocos Sur,Camiguin; Apayao,
24-TC13,2024,MARCE,2024-11-08 02:00:00,Nueva Vizcaya; Nueva Ecija; Zambales; Isabela; Quirino,Mountain Province; Kalinga; Aurora; Ifugao,NCR,Ilocos Norte; Ilocos Sur; Apayao; Abra,
24-TC13,2024,MARCE,2024-11-08 05:00:00,Nueva Ecija; Zambales,Mountain Province; Kalinga; Aurora; Ifugao,NCR,Cagayan; Apayao; Abra,
24-TC13,2024,MARCE,2024-11-08 08:00:00,Mountain Province; La Union; Benguet; Quirino; Ifugao,Kalinga; Apayao; Abra,Ilocos Sur,,
24-TC13,2024,MARCE,2024-11-08 11:00:00,Mountain Province; La Union; Benguet; Kalinga; Quirino; Apayao; Ifugao,NCR; Ilocos Sur,,,
24-TC13,2024,MARCE,2024-11-08 17:00:00,,,,,
24-TC14,2024,NIKA,2024-11-09 11:00:00,Catanduanes,,,,
24-TC14,2024,NIKA,2024-11-09 17:00:00,Camarines Norte; Camarines Sur; Catanduanes; Quezon; Albay,,,,
24-TC14,2024,NIKA,2024-11-09 23:00:00,Quezon,,,,
24-TC14,2024,NIKA,2024-11-10 05:00:00,Quezon,Isabela; Aurora,,,
24-TC14,2024,NIKA,2024-11-10 11:00:00,NCR; Laguna; Rizal,Mountain Province; Nueva Vizcaya; Cagayan; Isabela; Kalinga; Quirino; Aurora; Ifugao,,,
24-TC14,2024,NIKA,2024-11-10 14:00:00,,Mountain Province; Nueva Vizcaya; Benguet; Kalinga; Ifugao,,,
24-TC14,2024,NIKA,2024-11-10 17:00:00,Quezon,Nueva Ecija; Ilocos Sur,,,
24-TC14,2024,NIKA,2024-11-10 20:00:00,Quezon,Cagayan; Quirino; Rizal,Isabela; Aurora,,
24-TC14,2024,NIKA,2024-11-10 23:00:00,Quezon,Rizal,Mountain Province; Kalinga; Quirino; Aurora; Ifugao,,
24-TC14,2024,NIKA,2024-11-11 02:00:00,,,Nueva Vizcaya; Kalinga; Quirino; Apayao; Quezon; Abra,,
24-TC14,2024,NIKA,2024-11-11 05:00:00,,Ilocos Norte; Benguet,Cagayan; Kalinga; Apayao; Rizal,Abra,
24-TC14,2024,NIKA,2024-11-11 08:00:00,,Ilocos Norte; Pangasinan; La Union; Benguet; Quirino,Cagayan; Apayao; Ifugao; Rizal; Abra,NCR,
24-TC14,2024,NIKA,2024-11-11 11:00:00,Laguna,Ilocos Norte; Pangasinan; La Union; Benguet; Quirino,Cagayan; Apayao; Ifugao; Rizal; Abra,NCR,
24-TC14,2024,NIKA,2024-11-11 14:00:00,,Ilocos Norte; Pangasinan; La Union; Benguet; Quirino,Cagayan; Apayao; Ifugao; Rizal; Abra,NCR,
24-TC14,2024,NIKA,2024-11-11 17:00:00,Zambales,Nueva Vizcaya; Ilocos Norte; Pangasinan; La Union; Benguet; Apayao,Cagayan; Quirino; Aurora; Quezon,NCR; Ilocos Sur,
24-TC14,2024,NIKA,2024-11-11 20:00:00,Nueva Ecija; Zambales; Tarlac,Nueva Vizcaya; Quirino,Mountain Province; Ilocos Norte; Benguet; Ifugao,,
24-TC14,2024,NIKA,2024-11-11 23:00:00,Benguet; Cagayan; Isabela; Quirino; Aurora; Quezon,Ilocos Norte; Ilocos Sur; Abra,,,
24-TC14,2024,NIKA,2024-11-12 05:00:00,NCR; Abra,,,,
24-TC14,2024,NIKA,2024-11-12 11:00:00,Cagayan; Apayao,,,,
24-TC14,2024,NIKA,2024-11-12 17:00:00,,,,,
24-TC15,2024,OFEL,2024-11-12 05:00:00,,,,,
24-TC15,2024,OFEL,2024-11-12 11:00:00,,,,,
24-TC15,2024,OFEL,2024-11-12 17:00:00,,,,,
24-TC15,2024,OFEL,2024-11-12 23:00:00,Apayao,,,,
24-TC15,2024,OFEL,2024-11-13 05:00:00,Quirino; Apayao,,,,
24-TC15,2024,OFEL,2024-11-13 11:00:00,Mountain Province; Nueva Vizcaya; Ilocos Norte; Kalinga; Quirino; Apayao; Aurora; Ifugao; Abra,Isabela,,,
24-TC15,2024,OFEL,2024-11-13 17:00:00,Mountain Province; Ilocos Norte; Kalinga; Aurora; Ifugao; Quezon; Abra,Isabela; Apayao,,,
24-TC15,2024,OFEL,2024-11-13 20:00:00,Mountain Province; Kalinga; Aurora; Ifugao; Quezon; Abra,Ilocos Norte; Apayao,,,
24-TC15,2024,OFEL,2024-11-13 23:00:00,NCR; Ilocos Sur,Isabela; Apayao,Cagayan,,
24-TC15,2024,OFEL,2024-11-14 02:00:00,NCR; Ilocos Sur,Ilocos Norte; Isabela; Apayao,Camiguin; Cagayan,,
24-TC15,2024,OFEL,2024-11-14 05:00:00,NCR; Ilocos Sur; La Union,Ilocos Norte; Kalinga; Rizal; Abra,Isabela,Cagayan,
24-TC15,2024,OFEL,2024-11-14 08:00:00,Ilocos Sur; La Union,NCR; Kalinga; Quirino; Abra,Ilocos Norte; Apayao,Isabela,Cagayan
24-TC15,2024,OFEL,2024-11-14 11:00:00,Ilocos Sur; La Union,NCR; Kalinga; Quirino; Abra,Apayao,Isabela,Cagayan
24-TC15,2024,OFEL,2024-11-14 14:00:00,Ilocos Sur; La Union; Aurora,NCR; Kalinga; Abra,Ilocos Norte; Apayao,Isabela,
24-TC15,2024,OFEL,2024-11-14 17:00:00,Mountain Province; Ilocos Sur; La Union; Benguet; Ifugao,NCR; Kalinga; Abra,Ilocos Norte; Apayao,,
24-TC15,2024,OFEL,2024-11-14 20:00:00,Mountain Province; Ilocos Sur; La Union; Benguet; Aurora; Ifugao,NCR; Kalinga; Abra,Ilocos Norte; Apayao,,
24-TC15,2024,OFEL,2024-11-14 23:00:00,,NCR; Kalinga; Abra,Ilocos Norte; Apayao; Rizal,,
24-TC15,2024,OFEL,2024-11-15 02:00:00,Mountain Province; Ifugao,NCR; Kalinga; Rizal; Abra,Apayao,Ilocos Norte; Cagayan,
24-TC15,2024,OFEL,2024-11-15 05:00:00,,,,,
24-TC15,2024,OFEL,2024-11-15 11:00:00,Ilocos Norte; Apayao,Batanes,,,
24-TC15,2024,OFEL,2024-11-15 17:00:00,Batanes,,,,
24-TC15,2024,OFEL,2024-11-15 23:00:00,,,,,
24-TC15,2024,OFEL,2024-11-16 11:00:00,,,,,
24-TC15,2024,OFEL,2024-11-16 17:00:00,,,,,
24-TC16,2024,PEPITO,2024-11-14 23:00:00,Sorsogon,,,,
24-TC16,2024,PEPITO,2024-11-15 05:00:00,Albay,,,,
24-TC16,2024,PEPITO,2024-11-15 11:00:00,Camarines Norte; Northern Samar; Camarines Sur; Catanduanes; Sorsogon; Biliran; Masbate; Albay,Eastern Samar,,,
24-TC16,2024,PEPITO,2024-11-15 17:00:00,Northern Samar; Biliran; Rizal,Eastern Samar,,,
24-TC16,2024,PEPITO,2024-11-15 23:00:00,Bulacan; Leyte,Eastern Samar; Catanduanes; Albay,,,
24-TC16,2024,PEPITO,2024-11-16 02:00:00,NCR; Batangas,,Catanduanes,,
24-TC16,2024,PEPITO,2024-11-16 05:00:00,Cagayan; Rizal,Sorsogon; Quezon,Eastern Samar,,
24-TC16,2024,PEPITO,2024-11-16 08:00:00,Nueva Vizcaya; Nueva Ecija; Pangasinan; Cagayan; Isabela; Quirino; Aurora,NCR,Camarines Sur; Eastern Samar,,
24-TC16,2024,PEPITO,2024-11-16 11:00:00,NCR; Marinduque; Batangas; Zambales; Bataan; Cavite; Rizal,Camarines Norte; Camarines Sur; Sorsogon; Laguna,Eastern Samar; Albay,,
24-TC16,2024,PEPITO,2024-11-16 14:00:00,Abra,,Camarines Norte; Sorsogon,Albay,Catanduanes
24-TC16,2024,PEPITO,2024-11-16 17:00:00,Oriental Mindoro; Dinagat Islands; Abra,Nueva Vizcaya; Nueva Ecija; Pangasinan; La Union; Pampanga; Zambales; Benguet; Bulacan; Aurora; Bataan; Ifugao; Tarlac,,Albay,Camarines Sur; Catanduanes
24-TC16,2024,PEPITO,2024-11-16 20:00:00,Oriental Mindoro,NCR; Eastern Samar; Nueva Ecija; Marinduque; Pangasinan; Pampanga; Zambales; Bulacan; Bataan; Cavite; Quezon; Tarlac; Rizal,Laguna,Albay,Camarines Sur; Catanduanes
24-TC16,2024,PEPITO,2024-11-16 23:00:00,Oriental Mindoro; Ilocos Norte; Biliran; Leyte,NCR; Mountain Province; Eastern Samar; Ilocos Sur; Pampanga; Zambales; Benguet; Kalinga; Apayao; Bataan; Ifugao; Tarlac; Abra,Bulacan; Aurora,Camarines Norte,Camarines Sur; Catanduanes
24-TC16,2024,PEPITO,2024-11-17 02:00:00,Occidental Mindoro,NCR; Mountain Province; Northern Samar; Zambales; Bulacan; Kalinga; Bataan; Abra,Pampanga,Camarines Norte; Catanduanes,Camarines Sur
24-TC16,2024,PEPITO,2024-11-17 05:00:00,Occidental Mindoro,NCR; Pampanga; Zambales; Bulacan; Cagayan; Isabela; Bataan; Rizal; Abra,Nueva Ecija; Tarlac,Aurora,
24-TC16,2024,PEPITO,2024-11-17 08:00:00,Occidental Mindoro,Zambales; Bulacan; Cagayan; Isabela; Apayao; Bataan; Abra,Pampanga,Nueva Ecija; Aurora; Rizal,
24-TC16,2024,PEPITO,2024-11-17 11:00:00,Marinduque; Masbate; Romblon,NCR; Camarines Norte; Camarines Sur; Ilocos Norte; Pampanga; Zambales; Bataan; Cavite; Laguna; Quezon; Rizal; Abra,Bulacan,,
24-TC16,2024,PEPITO,2024-11-17 14:00:00,Marinduque; Romblon,Quezon,Ilocos Sur; Pangasinan; Tarlac,Nueva Ecija; Rizal,Nueva Vizcaya; Quirino
24-TC16,2024,PEPITO,2024-11-17 17:00:00,Camarines Norte; Camarines Sur; Marinduque,NCR; Pampanga; Bulacan; Bataan; Laguna; Rizal,Ilocos Sur; Pangasinan; Tarlac; Abra,,Nueva Vizcaya; Quirino
24-TC16,2024,PEPITO,2024-11-17 20:00:00,,NCR; Pampanga; Bulacan; Bataan; Laguna; Rizal,Ilocos Sur; Kalinga; Abra,,
24-TC16,2024,PEPITO,2024-11-17 23:00:00,Batangas; Quezon,Quirino,Tarlac,Benguet; Ifugao,
24-TC16,2024,PEPITO,2024-11-18 02:00:00,Nueva Ecija; Quirino,Mountain Province; Ifugao,Pangasinan; Abra,,
24-TC16,2024,PEPITO,2024-11-18 05:00:00,Rizal,Mountain Province; Zambales; Benguet; Abra,NCR,,
24-TC16,2024,PEPITO,2024-11-18 11:00:00,Abra,,,,
24-TC16,2024,PEPITO,2024-11-18 17:00:00,,,,,
24-TC17,2024,QUERUBIN,2024-12-17 17:00:00,Davao Oriental,,,,
24-TC17,2024,QUERUBIN,2024-12-17 23:00:00,Davao Oriental,,,,
24-TC17,2024,QUERUBIN,2024-12-18 05:00:00,Davao Oriental,,,,
24-TC17,2024,QUERUBIN,2024-12-18 11:00:00,Surigao Del Sur,,,,
24-TC18,2024,ROMINA,2024-12-22 11:00:00,,,,,
24-TC18,2024,ROMINA,2024-12-22 14:00:00,,,,,
24-TC18,2024,ROMINA,2024-12-22 17:00:00,Palawan,,,,
24-TC18,2024,ROMINA,2024-12-22 20:00:00,,,,,
24-TC18,2024,ROMINA,2024-12-22 23:00:00,,,,,
24-TC18,2024,ROMINA,2024-12-23 05:00:00,,,,,
25-TC01,2025,AURING,2025-06-12 23:00:00,,,,,
25-TC02,2025,BISING,2025-07-04 05:00:00,Ilocos Norte,,,,
25-TC02,2025,BISING,2025-07-04 11:00:00,Ilocos Sur,,,,
25-TC02,2025,BISING,2025-07-04 17:00:00,,,,,
25-TC02,2025,BISING,2025-07-06 17:00:00,Batanes,,,,
25-TC02,2025,BISING,2025-07-06 23:00:00,Batanes,,,,
25-TC02,2025,BISING,2025-07-07 05:00:00,,,,,
25-TC02,2025,BISING,2025-07-07 11:00:00,,,,,
25-TC03,2025,CRISING,2025-07-16 11:00:00,,,,,
25-TC03,2025,CRISING,2025-07-16 17:00:00,,,,,
25-TC03,2025,CRISING,2025-07-16 23:00:00,,,,,
25-TC03,2025,CRISING,2025-07-17 05:00:00,Ifugao,,,,
25-TC03,2025,CRISING,2025-07-17 11:00:00,Mountain Province; Ilocos Norte; Ilocos Sur; Kalinga; Apayao; Ifugao; Abra,,,,
25-TC03,2025,CRISING,2025-07-17 17:00:00,Ilocos Norte; Ilocos Sur; La Union; Benguet; Ifugao,,,,
25-TC03,2025,CRISING,2025-07-17 23:00:00,,,,,
25-TC03,2025,CRISING,2025-07-18 02:00:00,,NCR,,,
25-TC03,2025,CRISING,2025-07-18 05:00:00,Aurora,Kalinga; Apayao; Rizal; Abra,,,
25-TC03,2025,CRISING,2025-07-18 08:00:00,,Kalinga; Apayao; Rizal; Abra,,,
25-TC03,2025,CRISING,2025-07-18 11:00:00,,Mountain Province; Ilocos Norte; Ifugao,,,
25-TC03,2025,CRISING,2025-07-18 14:00:00,,Mountain Province; Ilocos Norte; Ifugao,,,
25-TC03,2025,CRISING,2025-07-18 17:00:00,,Mountain Province; Ilocos Norte; Ifugao,,,
25-TC03,2025,CRISING,2025-07-18 20:00:00,,Mountain Province; Ilocos Norte; Ifugao,,,
25-TC03,2025,CRISING,2025-07-18 23:00:00,,Mountain Province; Ilocos Norte; Ifugao,,,
25-TC03,2025,CRISING,2025-07-19 05:00:00,Mountain Province; Ilocos Sur; Benguet; Kalinga; Ifugao; Quezon; Abra,Ilocos Norte; Apayao; Rizal,,,
25-TC03,2025,CRISING,2025-07-19 11:00:00,NCR; Cagayan; Kalinga; Apayao; Abra,Ilocos Norte,,,
25-TC03,2025,CRISING,2025-07-19 17:00:00,,,,,
25-TC04,2025,DANTE,2025-07-22 17:00:00,,,,,
25-TC04,2025,DANTE,2025-07-22 23:00:00,,,,,
25-TC04,2025,DANTE,2025-07-23 05:00:00,,,,,
25-TC04,2025,DANTE,2025-07-23 11:00:00,,,,,
25-TC04,2025,DANTE,2025-07-23 17:00:00,,,,,
25-TC04,2025,DANTE,2025-07-23 23:00:00,,,,,
25-TC04,2025,DANTE,2025-07-24 11:00:00,,,,,
25-TC04,2025,DANTE,2025-07-24 17:00:00,,,,,
25-TC05,2025,EMONG,2025-07-23 11:00:00,NCR; La Union,,,,
25-TC05,2025,EMONG,2025-07-23 17:00:00,,,,,
25-TC05,2025,EMONG,2025-07-23 23:00:00,Mountain Province; Zambales; Benguet; Cagayan; Kalinga; Apayao; Ifugao; Abra,Pangasinan,,,
25-TC05,2025,EMONG,2025-07-24 02:00:00,Ilocos Norte; Pangasinan; Zambales; Kalinga,Mountain Province; Benguet; Ifugao,,,
25-TC05,2025,EMONG,2025-07-24 05:00:00,Nueva Vizcaya; Pangasinan; Zambales; Quirino; Apayao,,NCR; La Union,,
25-TC05,2025,EMONG,2025-07-24 08:00:00,Nueva Vizcaya; Pangasinan; Zambales; Quirino,,NCR; La Union,,
25-TC05,2025,EMONG,2025-07-24 11:00:00,Pangasinan; Zambales; Quirino,Mountain Province; Benguet; Kalinga; Apayao; Ifugao; Abra,NCR; Ilocos Sur; La Union,,
25-TC05,2025,EMONG,2025-07-24 14:00:00,Pangasinan; Zambales; Quirino,Mountain Province; Benguet; Kalinga; Apayao; Ifugao; Abra,NCR,,
25-TC05,2025,EMONG,2025-07-24 17:00:00,Nueva Ecija; Pampanga; Zambales; Quirino; Tarlac,Nueva Vizcaya,Mountain Province,NCR; Pangasinan; La Union,
25-TC05,2025,EMONG,2025-07-24 20:00:00,Pampanga; Zambales; Quirino; Bataan; Tarlac,Nueva Vizcaya,Mountain Province; Abra,NCR; Pangasinan; La Union,
25-TC05,2025,EMONG,2025-07-24 23:00:00,Pampanga,Quirino,Mountain Province; Abra,Ilocos Sur; Pangasinan,
25-TC05,2025,EMONG,2025-07-25 02:00:00,Pampanga,Nueva Vizcaya; Quirino,Benguet,NCR,
25-TC05,2025,EMONG,2025-07-25 05:00:00,,,,,
25-TC05,2025,EMONG,2025-07-25 08:00:00,Tarlac,Nueva Vizcaya; Quirino,Mountain Province; Benguet,,
25-TC05,2025,EMONG,2025-07-25 11:00:00,Mountain Province; Isabela; Kalinga; Quirino; Ifugao,NCR; Batanes; Abra,Cagayan; Apayao,,
25-TC05,2025,EMONG,2025-07-25 14:00:00,NCR; Mountain Province; Kalinga; Apayao; Abra,Batanes; Cagayan,,,
25-TC05,2025,EMONG,2025-07-25 17:00:00,Ilocos Norte; Cagayan; Apayao,Batanes,,,
25-TC05,2025,EMONG,2025-07-25 20:00:00,Batanes; Cagayan,,,,
25-TC05,2025,EMONG,2025-07-25 23:00:00,Batanes,,,,
25-TC06,2025,FABIAN,2025-08-08 11:00:00,,,,,
25-TC06,2025,FABIAN,2025-08-08 17:00:00,,,,,
25-TC06,2025,FABIAN,2025-08-08 23:00:00,,,,,
25-TC07,2025,GORIO,2025-08-11 05:00:00,,,,,
25-TC07,2025,GORIO,2025-08-11 11:00:00,,,,,
25-TC07,2025,GORIO,2025-08-11 17:00:00,,,,,
25-TC07,2025,GORIO,2025-08-11 23:00:00,,,,,
25-TC07,2025,GORIO,2025-08-12 05:00:00,,,,,
25-TC07,2025,GORIO,2025-08-12 11:00:00,Batanes,,,,
25-TC07,2025,GORIO,2025-08-12 17:00:00,Batanes,,,,
25-TC07,2025,GORIO,2025-08-12 23:00:00,,Batanes,,,
25-TC07,2025,GORIO,2025-08-13 05:00:00,,Batanes,,,
25-TC07,2025,GORIO,2025-08-13 11:00:00,,Batanes,,,
25-TC07,2025,GORIO,2025-08-13 17:00:00,,,,,
25-TC08,2025,HUANING,2025-08-18 05:00:00,,,,,
25-TC08,2025,HUANING,2025-08-18 11:00:00,,,,,
25-TC08,2025,HUANING,2025-08-18 17:00:00,,,,,
25-TC08,2025,HUANING,2025-08-18 23:00:00,,,,,
25-TC08,2025,HUANING,2025-08-19 05:00:00,,,,,
25-TC08,2025,HUANING,2025-08-19 11:00:00,,,,,
25-TC09,2025,ISANG,2025-08-22 11:00:00,Ilocos Norte; Nueva Ecija; Ilocos Sur; Pangasinan; La Union; Benguet; Aurora; Ifugao,,,,
25-TC09,2025,ISANG,2025-08-22 14:00:00,Ilocos Norte; Nueva Ecija; Ilocos Sur; Pangasinan; La Union; Benguet; Aurora; Ifugao,,,,
25-TC09,2025,ISANG,2025-08-22 17:00:00,Ilocos Norte; Nueva Ecija; Ilocos Sur; Pangasinan; La Union; Benguet; Aurora; Ifugao,,,,
25-TC09,2025,ISANG,2025-08-22 20:00:00,Ilocos Norte; Nueva Ecija; Ilocos Sur; Pangasinan; La Union; Benguet; Aurora; Ifugao,,,,
25-TC09,2025,ISANG,2025-08-22 23:00:00,Mountain Province; Ilocos Norte; Nueva Ecija; Ilocos Sur; Pangasinan; La Union; Benguet; Kalinga; Ifugao; Abra,,,,
25-TC09,2025,ISANG,2025-08-23 05:00:00,Benguet; Cagayan; Rizal,,,,
25-TC09,2025,ISANG,2025-08-23 11:00:00,,,,,
25-TC10,2025,JACINTO,2025-08-28 11:00:00,,,,,
25-TC10,2025,JACINTO,2025-08-28 17:00:00,,,,,
25-TC10,2025,JACINTO,2025-08-28 23:00:00,,,,,
25-TC11,2025,KIKO,2025-09-03 11:00:00,,,,,
25-TC11,2025,KIKO,2025-09-03 17:00:00,,,,,
25-TC12,2025,LANNIE,2025-09-06 05:00:00,,,,,
25-TC12,2025,LANNIE,2025-09-06 11:00:00,,,,,
25-TC13,2025,MIRASOL,2025-09-16 17:00:00,Mountain Province; Camarines Norte; Ilocos Norte; Kalinga; Apayao; Ifugao; Abra,,,,
25-TC13,2025,MIRASOL,2025-09-16 20:00:00,NCR; Ilocos Sur,,,,
25-TC13,2025,MIRASOL,2025-09-16 23:00:00,Mountain Province; Ilocos Norte; Kalinga; Apayao; Aurora; Ifugao; Abra,,,,
25-TC13,2025,MIRASOL,2025-09-17 02:00:00,Mountain Province; Ilocos Norte; Kalinga; Apayao; Aurora; Ifugao; Abra,,,,
25-TC13,2025,MIRASOL,2025-09-17 05:00:00,Mountain Province; Benguet; Kalinga; Apayao; Aurora; Ifugao; Abra,,,,
25-TC13,2025,MIRASOL,2025-09-17 08:00:00,Mountain Province; Benguet; Kalinga; Apayao; Aurora; Ifugao; Abra,,,,
25-TC13,2025,MIRASOL,2025-09-17 11:00:00,Mountain Province; Ilocos Norte; Ilocos Sur; Pangasinan; La Union; Benguet; Kalinga; Ifugao,,,,
25-TC13,2025,MIRASOL,2025-09-17 14:00:00,Mountain Province; Ilocos Norte; Ilocos Sur; Pangasinan; La Union; Benguet; Kalinga; Ifugao,,,,
25-TC13,2025,MIRASOL,2025-09-17 17:00:00,Nueva Vizcaya; Kalinga; Quirino; Apayao; Quezon; Abra,,,,
25-TC13,2025,MIRASOL,2025-09-17 20:00:00,NCR; Ilocos Norte; Ilocos Sur,,,,
25-TC13,2025,MIRASOL,2025-09-17 23:00:00,Ilocos Norte; Ilocos Sur,,,,
25-TC13,2025,MIRASOL,2025-09-18 02:00:00,,,,,
25-TC13,2025,MIRASOL,2025-09-18 05:00:00,Ilocos Norte,,,,
25-TC13,2025,MIRASOL,2025-09-18 11:00:00,,,,,
25-TC14,2025,NANDO,2025-09-17 23:00:00,,,,,
25-TC14,2025,NANDO,2025-09-18 05:00:00,,,,,
25-TC14,2025,NANDO,2025-09-18 11:00:00,,,,,
25-TC14,2025,NANDO,2025-09-18 17:00:00,,,,,
25-TC14,2025,NANDO,2025-09-18 23:00:00,,,,,
25-TC14,2025,NANDO,2025-09-19 05:00:00,,,,,
25-TC14,2025,NANDO,2025-09-19 11:00:00,,,,,
25-TC14,2025,NANDO,2025-09-19 17:00:00,,,,,
25-TC14,2025,NANDO,2025-09-19 23:00:00,,,,,
25-TC14,2025,NANDO,2025-09-20 05:00:00,,,,,
25-TC14,2025,NANDO,2025-09-20 11:00:00,,,,,
25-TC14,2025,NANDO,2025-09-20 17:00:00,,,,,
25-TC14,2025,NANDO,2025-09-20 23:00:00,Nueva Ecija; Rizal,,,,
25-TC14,2025,NANDO,2025-09-21 05:00:00,Quezon,Apayao,,,
25-TC14,2025,NANDO,2025-09-21 11:00:00,,Ilocos Norte; Kalinga; Apayao; Quezon; Rizal,,,
25-TC14,2025,NANDO,2025-09-21 17:00:00,Pampanga; Bulacan,NCR; Mountain Province; Ilocos Norte; Ilocos Sur; Kalinga; Quirino; Apayao; Quezon; Abra,Cagayan,,
25-TC14,2025,NANDO,2025-09-21 20:00:00,Pampanga; Bulacan,NCR; Mountain Province; Ilocos Norte; Ilocos Sur,Batanes; Cagayan,,
25-TC14,2025,NANDO,2025-09-21 23:00:00,Nueva Ecija; Ilocos Sur; Pangasinan; La Union; Pampanga; Zambales; Benguet; Bulacan; Aurora; Quezon; Tarlac,Mountain Province; Kalinga; Ifugao; Abra,Apayao; Rizal,,
25-TC14,2025,NANDO,2025-09-22 02:00:00,Nueva Ecija; Pangasinan; La Union; Pampanga; Zambales; Bulacan; Aurora; Quezon; Tarlac,NCR; Ilocos Sur,Apayao; Rizal,Cagayan,
25-TC14,2025,NANDO,2025-09-22 05:00:00,Nueva Ecija; Pangasinan; Pampanga; Zambales; Bulacan; Aurora; Quezon; Tarlac,Nueva Vizcaya; Ilocos Sur; La Union,Ilocos Norte; Apayao,Cagayan,
25-TC14,2025,NANDO,2025-09-22 08:00:00,Nueva Ecija; Pangasinan; Pampanga; Zambales; Bulacan; Aurora; Quezon; Tarlac,Nueva Vizcaya; Ilocos Sur; La Union,Apayao; Rizal,Ilocos Norte; Cagayan,Camiguin
25-TC14,2025,NANDO,2025-09-22 11:00:00,Nueva Ecija; Pangasinan; Pampanga; Zambales; Bulacan; Aurora; Quezon; Tarlac,Nueva Vizcaya; Ilocos Sur; La Union,Apayao; Rizal,Ilocos Norte,
25-TC14,2025,NANDO,2025-09-22 14:00:00,Nueva Ecija; Pangasinan; Pampanga; Zambales; Bulacan; Aurora; Quezon; Tarlac,Nueva Vizcaya; Ilocos Sur; La Union,Apayao; Rizal,Ilocos Norte,
25-TC14,2025,NANDO,2025-09-22 17:00:00,Nueva Ecija; Pangasinan; Pampanga; Zambales; Bulacan; Aurora; Quezon; Tarlac,Nueva Vizcaya; Ilocos Sur; La Union,Apayao; Rizal,Ilocos Norte,
25-TC14,2025,NANDO,2025-09-22 20:00:00,Nueva Ecija; Pangasinan; Pampanga; Zambales; Bulacan; Aurora; Quezon; Tarlac,Mountain Province; Benguet; Kalinga; Ifugao; Abra,Apayao,Ilocos Norte,
25-TC14,2025,NANDO,2025-09-22 23:00:00,Nueva Ecija; Pangasinan; Pampanga; Zambales; Bulacan; Aurora; Quezon; Tarlac,Mountain Province; Benguet; Kalinga; Ifugao; Abra,Apayao; Rizal,Ilocos Norte; Cagayan,
25-TC14,2025,NANDO,2025-09-23 05:00:00,Nueva Ecija; Tarlac; Rizal,Mountain Province; Benguet; Kalinga,Cagayan,,
25-TC14,2025,NANDO,2025-09-23 11:00:00,Mountain Province; Ilocos Sur; Pangasinan; La Union; Benguet; Kalinga; Quirino; Ifugao; Abra,Ilocos Norte; Cagayan; Apayao,,,
25-TC14,2025,NANDO,2025-09-23 17:00:00,Mountain Province; Ilocos Norte; Ilocos Sur; Pangasinan; La Union; Benguet; Kalinga; Apayao; Ifugao; Abra,,,,
25-TC14,2025,NANDO,2025-09-23 23:00:00,Ilocos Norte; Ilocos Sur; Abra,,,,
25-TC14,2025,NANDO,2025-09-24 05:00:00,,,,,
25-TC15,2025,OPONG,2025-09-23 17:00:00,,,,,
25-TC15,2025,OPONG,2025-09-23 23:00:00,,,,,
25-TC15,2025,OPONG,2025-09-24 05:00:00,,,,,
25-TC15,2025,OPONG,2025-09-24 11:00:00,Northern Samar; Eastern Samar,,,,
25-TC15,2025,OPONG,2025-09-24 17:00:00,Camarines Sur; Catanduanes; Sorsogon; Masbate; Albay; Leyte,Eastern Samar,,,
25-TC15,2025,OPONG,2025-09-24 23:00:00,NCR; Batangas; Leyte,Eastern Samar,,,
25-TC15,2025,OPONG,2025-09-25 05:00:00,Aurora; Iloilo,Sorsogon,,,
25-TC15,2025,OPONG,2025-09-25 08:00:00,,,,,
25-TC15,2025,OPONG,2025-09-25 11:00:00,Mountain Province; Benguet,Masbate,,,
25-TC15,2025,OPONG,2025-09-25 14:00:00,Mountain Province; Benguet; Ifugao,Marinduque; Romblon,,,
25-TC15,2025,OPONG,2025-09-25 17:00:00,Mountain Province; Benguet; Ifugao,Quezon,Masbate,,
25-TC15,2025,OPONG,2025-09-25 20:00:00,Mountain Province; Benguet,Aklan,Masbate,,
25-TC15,2025,OPONG,2025-09-25 23:00:00,Mountain Province; Ilocos Sur; Benguet,Oriental Mindoro; Batangas; Cavite; Laguna; Rizal,Biliran; Leyte,Masbate,
25-TC15,2025,OPONG,2025-09-26 02:00:00,Mountain Province; Ifugao,NCR; Pampanga; Bulacan; Bataan,Leyte,Masbate,
25-TC15,2025,OPONG,2025-09-26 05:00:00,Mountain Province; Benguet; Ifugao,Pampanga; Zambales; Bulacan; Bataan,,,
25-TC15,2025,OPONG,2025-09-26 08:00:00,,Pampanga; Zambales; Bulacan; Bataan,Aklan,,
25-TC15,2025,OPONG,2025-09-26 11:00:00,Camarines Norte; Bulacan,Quezon,Oriental Mindoro; Marinduque; Batangas; Romblon,,
25-TC15,2025,OPONG,2025-09-26 14:00:00,Palawan,Iloilo; Laguna; Quezon,Oriental Mindoro; Marinduque; Batangas; Romblon,,
25-TC15,2025,OPONG,2025-09-26 17:00:00,NCR; Camarines Norte; Catanduanes; Sorsogon; Bulacan; Masbate; Cavite; Laguna; Quezon; Albay; Rizal,Marinduque; Romblon,Occidental Mindoro,,
25-TC15,2025,OPONG,2025-09-26 20:00:00,Camarines Norte; Marinduque; Batangas; Romblon; Quezon,Occidental Mindoro,,,
25-TC15,2025,OPONG,2025-09-26 23:00:00,Quezon,Abra,,,
25-TC15,2025,OPONG,2025-09-27 05:00:00,Batangas,,,,
25-TC15,2025,OPONG,2025-09-27 11:00:00,,,,,
25-TC16,2025,PAOLO,2025-10-01 11:00:00,,,,,
25-TC16,2025,PAOLO,2025-10-01 17:00:00,Catanduanes,,,,
25-TC16,2025,PAOLO,2025-10-01 23:00:00,Quirino; Aurora,,,,
25-TC16,2025,PAOLO,2025-10-02 05:00:00,Pampanga,,,,
25-TC16,2025,PAOLO,2025-10-02 11:00:00,Camarines Norte; Quezon,Quirino; Aurora,,,
25-TC16,2025,PAOLO,2025-10-02 14:00:00,Pampanga,Nueva Vizcaya; Quirino; Quezon,,,
25-TC16,2025,PAOLO,2025-10-02 17:00:00,Camarines Norte; Pampanga; Quezon,Aurora; Ifugao,,,
25-TC16,2025,PAOLO,2025-10-02 20:00:00,Pampanga,Ilocos Sur,,,
25-TC16,2025,PAOLO,2025-10-02 23:00:00,Catanduanes; Nueva Ecija; Pangasinan; Bulacan,Ilocos Norte; Benguet; Kalinga; Apayao; Abra,Quirino; Aurora,,
25-TC16,2025,PAOLO,2025-10-03 02:00:00,Ilocos Norte; Catanduanes; Nueva Ecija; Pangasinan; Bulacan,Kalinga; Apayao,Mountain Province; Nueva Vizcaya; Benguet; Ifugao; Quezon; Abra,,
25-TC16,2025,PAOLO,2025-10-03 05:00:00,Pangasinan,,,,
25-TC16,2025,PAOLO,2025-10-03 08:00:00,Ilocos Norte; Nueva Ecija; Bulacan; Apayao; Tarlac,Ilocos Sur; Pangasinan; La Union,Mountain Province; Benguet; Ifugao; Abra,,
25-TC16,2025,PAOLO,2025-10-03 11:00:00,Nueva Ecija; Pampanga; Bulacan; Tarlac,Pangasinan,NCR,Mountain Province; Nueva Vizcaya; Benguet; Ifugao; Quezon; Abra,
25-TC16,2025,PAOLO,2025-10-03 14:00:00,Camarines Norte; Ilocos Norte; Pampanga; Zambales; Bulacan; Quezon; Tarlac,Nueva Ecija; Pangasinan; Aurora; Rizal,NCR; Kalinga,Mountain Province; Benguet; Ifugao; Abra,
25-TC16,2025,PAOLO,2025-10-03 17:00:00,Nueva Ecija; Pampanga; Zambales; Bulacan; Tarlac,Isabela; Quirino; Aurora; Quezon,Mountain Province; Kalinga; Ifugao,,
25-TC16,2025,PAOLO,2025-10-03 20:00:00,Nueva Vizcaya; Nueva Ecija; Pampanga; Zambales; Batanes; Bulacan; Cagayan; Isabela; Quirino; Aurora; Tarlac,Abra,NCR; La Union,,
25-TC16,2025,PAOLO,2025-10-03 23:00:00,Pampanga; Bulacan; Tarlac,NCR; Pangasinan; La Union,,,
25-TC16,2025,PAOLO,2025-10-04 11:00:00,,,,,
25-TC17,2025,QUEDAN,2025-10-09 17:00:00,,,,,
25-TC17,2025,QUEDAN,2025-10-09 23:00:00,,,,,
25-TC17,2025,QUEDAN,2025-10-10 05:00:00,,,,,
25-TC18,2025,RAMIL,2025-10-17 05:00:00,Sorsogon,,,,
25-TC18,2025,RAMIL,2025-10-17 11:00:00,,,,,
25-TC18,2025,RAMIL,2025-10-17 17:00:00,Quezon,,,,
25-TC18,2025,RAMIL,2025-10-17 20:00:00,Quezon,,,,
25-TC18,2025,RAMIL,2025-10-17 23:00:00,Pampanga; Tarlac,,,,
25-TC18,2025,RAMIL,2025-10-18 02:00:00,Tarlac,,,,
25-TC18,2025,RAMIL,2025-10-18 05:00:00,Pampanga; Quezon,Camarines Sur,,,
25-TC18,2025,RAMIL,2025-10-18 08:00:00,Pampanga; Quezon,Camarines Sur,,,
25-TC18,2025,RAMIL,2025-10-18 11:00:00,Pampanga,Northern Samar; Camarines Sur; Catanduanes,,,
25-TC18,2025,RAMIL,2025-10-18 14:00:00,Pampanga,Northern Samar; Camarines Sur; Catanduanes,,,
25-TC18,2025,RAMIL,2025-10-18 17:00:00,Pampanga; Tarlac,Camarines Sur,,,
25-TC18,2025,RAMIL,2025-10-18 20:00:00,Pampanga; Tarlac,Camarines Norte; Camarines Sur; Catanduanes,,,
25-TC18,2025,RAMIL,2025-10-18 23:00:00,Pampanga; Quezon,Nueva Ecija; Aurora,,,
25-TC18,2025,RAMIL,2025-10-19 02:00:00,Pampanga; Zambales; Bulacan; Tarlac,Aurora,,,
25-TC18,2025,RAMIL,2025-10-19 05:00:00,Occidental Mindoro; Oriental Mindoro; Marinduque; Batangas; Romblon; Cavite,NCR; Zambales,,,
25-TC18,2025,RAMIL,2025-10-19 08:00:00,Occidental Mindoro; Oriental Mindoro; Marinduque; Batangas; Romblon; Cavite,NCR; Zambales,,,
25-TC18,2025,RAMIL,2025-10-19 11:00:00,Occidental Mindoro; Oriental Mindoro; Marinduque; Batangas; Cavite; Laguna; Quezon,Nueva Ecija; Pangasinan; Pampanga; Zambales; Bulacan; Aurora; Bataan; Tarlac,,,
25-TC18,2025,RAMIL,2025-10-19 14:00:00,Occidental Mindoro; Batangas; Cavite; Laguna; Rizal,NCR,,,
25-TC18,2025,RAMIL,2025-10-19 17:00:00,Quezon,,,,
25-TC18,2025,RAMIL,2025-10-19 23:00:00,,,,,
25-TC18,2025,RAMIL,2025-10-20 05:00:00,Benguet; Abra,,,,
25-TC18,2025,RAMIL,2025-10-20 11:00:00,,,,,
25-TC19,2025,SALOME,2025-10-17 11:00:00,Ilocos Norte,,,,
25-TC19,2025,SALOME,2025-10-22 14:00:00,Ilocos Norte,,,,
25-TC19,2025,SALOME,2025-10-22 17:00:00,Ilocos Norte,,,,
25-TC19,2025,SALOME,2025-10-22 20:00:00,Ilocos Norte,,,,
25-TC19,2025,SALOME,2025-10-22 23:00:00,Ilocos Norte,,,,
25-TC19,2025,SALOME,2025-10-23 02:00:00,Ilocos Norte,Batanes,,,
25-TC19,2025,SALOME,2025-10-23 05:00:00,Ilocos Norte,Batanes,,,
25-TC19,2025,SALOME,2025-10-23 08:00:00,Ilocos Norte,,,,
25-TC19,2025,SALOME,2025-10-23 11:00:00,Ilocos Norte,,,,
25-TC20,2025,TINO,2025-10-17 11:00:00,Dinagat Islands; Eastern Samar,,,,
25-TC20,2025,TINO,2025-11-02 17:00:00,Dinagat Islands; Southern Leyte; Biliran; Leyte,,,,
25-TC20,2025,TINO,2025-11-02 23:00:00,,Dinagat Islands,,,
25-TC20,2025,TINO,2025-11-03 05:00:00,Negros Occidental; Guimaras; Siquijor; Romblon,Agusan Del Norte,,,
25-TC20,2025,TINO,2025-11-03 08:00:00,NCR; Occidental Mindoro; Negros Occidental; Negros Oriental; Surigao Del Sur; Agusan Del Sur; Northern Samar; Marinduque; Bukidnon; Camiguin; Guimaras; Siquijor; Sorsogon; Antique; Masbate; Romblon; Iloilo; Aklan; Albay; Capiz; Rizal,Cebu,Dinagat Islands,,
25-TC20,2025,TINO,2025-11-03 11:00:00,Surigao Del Sur; Sorsogon; Albay,Agusan Del Norte; Isabela; Masbate,,,
25-TC20,2025,TINO,2025-11-03 14:00:00,Misamis Occidental; Negros Oriental; Antique; Aklan,Agusan Del Sur; Masbate,Cebu,,
25-TC20,2025,TINO,2025-11-03 17:00:00,Misamis Occidental; Oriental Mindoro; Eastern Samar; Romblon,Agusan Del Sur; Biliran; Cebu,,Southern Leyte; Bohol; Leyte,
25-TC20,2025,TINO,2025-11-03 20:00:00,Misamis Occidental; Oriental Mindoro; Eastern Samar; Romblon,Agusan Del Sur; Biliran; Bohol,Negros Oriental,Southern Leyte; Leyte; Cebu,
25-TC20,2025,TINO,2025-11-03 23:00:00,Misamis Occidental; Eastern Samar; Romblon,Oriental Mindoro; Negros Oriental; Agusan Del Sur; Biliran; Leyte; Cebu,,Bohol,
25-TC20,2025,TINO,2025-11-04 02:00:00,Misamis Occidental; Eastern Samar; Romblon,Negros Oriental; Agusan Del Sur; Biliran; Bohol; Leyte; Cebu,,Negros Occidental,
25-TC20,2025,TINO,2025-11-04 05:00:00,Misamis Occidental; Eastern Samar; Romblon,Oriental Mindoro; Biliran; Leyte,Negros Occidental; Negros Oriental; Isabela; Iloilo; Capiz,,
25-TC20,2025,TINO,2025-11-04 08:00:00,Siquijor; Quezon,Cebu,Negros Oriental; Palawan,Negros Occidental,
25-TC20,2025,TINO,2025-11-04 11:00:00,Albay,Romblon; Rizal; Cebu,Palawan,Guimaras; Iloilo; Capiz,
25-TC20,2025,TINO,2025-11-04 14:00:00,Albay,Negros Oriental; Romblon,,Iloilo,
25-TC20,2025,TINO,2025-11-04 17:00:00,Occidental Mindoro,Romblon,Palawan,Iloilo,
25-TC20,2025,TINO,2025-11-04 20:00:00,Occidental Mindoro; Negros Occidental; Cebu,,,Palawan,
25-TC20,2025,TINO,2025-11-04 23:00:00,Negros Occidental; Negros Oriental; Masbate; Iloilo; Capiz,,Antique,Palawan,
25-TC20,2025,TINO,2025-11-05 02:00:00,Romblon; Quezon,Oriental Mindoro; Aklan,,Palawan,
25-TC20,2025,TINO,2025-11-05 05:00:00,Iloilo,Oriental Mindoro,,Palawan,
25-TC20,2025,TINO,2025-11-05 08:00:00,Romblon; Quezon; Aklan,,,Palawan,
25-TC20,2025,TINO,2025-11-05 11:00:00,Oriental Mindoro; Quezon,,,Palawan,
25-TC20,2025,TINO,2025-11-05 17:00:00,Occidental Mindoro; Palawan,,,,
25-TC20,2025,TINO,2025-11-05 23:00:00,Palawan,,,,
25-TC20,2025,TINO,2025-11-06 05:00:00,,,,,
25-TC20,2025,TINO,2025-11-06 11:00:00,,,,,
25-TC20,2025,TINO,2025-11-06 17:00:00,,,,,
25-TC21,2025,UWAN,2025-11-07 17:00:00,Romblon; Bohol,,,,
25-TC21,2025,UWAN,2025-11-07 23:00:00,Negros Occidental; Quezon,,,,
25-TC21,2025,UWAN,2025-11-08 05:00:00,NCR; Batangas; Cavite; Laguna; Quezon; Rizal,Catanduanes,,,
25-TC21,2025,UWAN,2025-11-08 11:00:00,NCR; Camarines Sur; Batangas; Bataan; Cavite; Laguna; Quezon; Rizal,Eastern Samar,,,
25-TC21,2025,UWAN,2025-11-08 17:00:00,Negros Occidental; Pampanga; Zambales; Bataan; Cavite; Tarlac,Camarines Sur; Marinduque; Laguna; Quezon,Northern Samar; Albay,,
25-TC21,2025,UWAN,2025-11-08 23:00:00,Occidental Mindoro; Negros Occidental,NCR; Oriental Mindoro; Marinduque; Batangas; Cavite; Laguna; Quezon; Rizal,,Catanduanes,
25-TC21,2025,UWAN,2025-11-09 02:00:00,Occidental Mindoro; Negros Occidental; Oriental Mindoro,Romblon,Pampanga; Bulacan,Catanduanes,
25-TC21,2025,UWAN,2025-11-09 05:00:00,Occidental Mindoro; Negros Occidental,Oriental Mindoro,Pangasinan; La Union; Zambales; Quirino,Camarines Sur,
25-TC21,2025,UWAN,2025-11-09 08:00:00,Negros Occidental; Batanes,Occidental Mindoro; Oriental Mindoro,Nueva Ecija; Ilocos Sur; Pangasinan; La Union; Pampanga; Zambales; Benguet; Bataan; Ifugao; Tarlac,Camarines Norte; Albay,Camarines Sur
25-TC21,2025,UWAN,2025-11-09 11:00:00,Negros Occidental,,Mountain Province; Ilocos Sur; Pangasinan; La Union; Pampanga; Zambales; Benguet; Bataan; Ifugao; Tarlac; Abra,Bulacan; Quezon,Camarines Sur
25-TC21,2025,UWAN,2025-11-09 14:00:00,Negros Occidental; Negros Oriental; Surigao Del Sur; Guimaras; Siquijor,Occidental Mindoro,Ilocos Norte; Ilocos Sur; Zambales,Pampanga; Bulacan; Tarlac,Camarines Norte
25-TC21,2025,UWAN,2025-11-09 17:00:00,Negros Occidental; Negros Oriental; Guimaras; Siquijor; Iloilo; Bohol; Cebu,Oriental Mindoro; Cagayan; Masbate; Romblon; Apayao,Ilocos Norte; Ilocos Sur; Zambales; Bataan; Ifugao,Pampanga; Bulacan; Tarlac,Aurora
25-TC21,2025,UWAN,2025-11-09 20:00:00,Negros Oriental; Guimaras; Siquijor; Palawan; Iloilo; Bohol; Capiz; Leyte; Cebu,Sorsogon; Masbate; Romblon; Albay,Mountain Province; Ilocos Norte; Ilocos Sur; Kalinga; Bataan; Ifugao; Abra,Pangasinan; La Union; Zambales; Tarlac,Nueva Ecija; Aurora
25-TC21,2025,UWAN,2025-11-09 23:00:00,Negros Oriental,Catanduanes; Sorsogon; Masbate; Albay,,Bulacan; Tarlac,Nueva Ecija; Aurora
25-TC21,2025,UWAN,2025-11-10 02:00:00,Camarines Sur; Catanduanes; Sorsogon; Masbate; Romblon; Albay,Occidental Mindoro; Abra,NCR; Pampanga; Zambales; Bulacan; Bataan; Tarlac,Ilocos Sur; Benguet; Ifugao,
25-TC21,2025,UWAN,2025-11-10 05:00:00,Camarines Sur; Catanduanes; Sorsogon; Masbate; Romblon; Albay,Oriental Mindoro,Ilocos Norte; Quirino,Ilocos Sur; Benguet,
25-TC21,2025,UWAN,2025-11-10 08:00:00,Masbate,NCR,Nueva Vizcaya; Nueva Ecija; Ilocos Sur; Pangasinan; Rizal,Quirino,
25-TC21,2025,UWAN,2025-11-10 11:00:00,Camarines Sur; Catanduanes; Sorsogon; Albay,Ilocos Norte; Pangasinan; La Union; Zambales; Benguet; Aurora; Bataan; Ifugao,,,
25-TC21,2025,UWAN,2025-11-10 17:00:00,Occidental Mindoro; Oriental Mindoro; Camarines Norte; Marinduque,Pangasinan,,,
25-TC21,2025,UWAN,2025-11-10 23:00:00,Occidental Mindoro; Oriental Mindoro; Abra,Ilocos Norte; Ilocos Sur; La Union,,,
25-TC21,2025,UWAN,2025-11-11 05:00:00,Batangas,NCR; Ilocos Norte; Ilocos Sur; La Union; Benguet,,,
25-TC21,2025,UWAN,2025-11-11 11:00:00,Mountain Province; Ilocos Sur; Benguet,Ilocos Norte; Batanes,,,
25-TC21,2025,UWAN,2025-11-11 17:00:00,Ilocos Norte; Ilocos Sur; La Union; Kalinga; Apayao; Abra,,,,
25-TC21,2025,UWAN,2025-11-11 23:00:00,Ilocos Sur,,,,
25-TC21,2025,UWAN,2025-11-12 05:00:00,Ilocos Norte,,,,
25-TC21,2025,UWAN,2025-11-12 11:00:00,Batanes,,,,
25-TC21,2025,UWAN,2025-11-12 17:00:00,Batanes,,,,
25-TC21,2025,UWAN,2025-11-12 23:00:00,Batanes,,,,
25-TC21,2025,UWAN,2025-11-13 05:00:00,,,,,
25-TC22,2025,VERBENA,2025-11-24 05:00:00,,,,,
25-TC22,2025,VERBENA,2025-11-24 08:00:00,Romblon,,,,
25-TC22,2025,VERBENA,2025-11-24 11:00:00,Agusan Del Norte; Agusan Del Sur; Camiguin; Siquijor; Masbate; Bohol; Cebu,,,,
25-TC22,2025,VERBENA,2025-11-24 14:00:00,Bukidnon; Siquijor; Masbate; Bohol; Cebu,,,,
25-TC22,2025,VERBENA,2025-11-24 17:00:00,Misamis Occidental; Negros Oriental; Eastern Samar; Siquijor; Masbate; Bohol; Cebu,,,,
25-TC22,2025,VERBENA,2025-11-24 20:00:00,Misamis Occidental; Negros Oriental; Eastern Samar; Siquijor; Masbate; Bohol; Cebu,,,,
25-TC22,2025,VERBENA,2025-11-24 23:00:00,Misamis Occidental; Negros Oriental; Eastern Samar; Siquijor; Masbate; Bohol; Cebu,,,,
25-TC22,2025,VERBENA,2025-11-25 02:00:00,Misamis Occidental; Negros Oriental; Eastern Samar; Siquijor; Masbate; Bohol; Cebu,,,,
25-TC22,2025,VERBENA,2025-11-25 05:00:00,Misamis Occidental; Negros Oriental; Eastern Samar; Siquijor; Masbate; Bohol; Cebu,,,,
25-TC22,2025,VERBENA,2025-11-25 08:00:00,Misamis Occidental; Negros Oriental; Eastern Samar; Siquijor; Masbate; Bohol; Cebu,,,,
25-TC22,2025,VERBENA,2025-11-25 11:00:00,Negros Occidental; Negros Oriental; Masbate,,,,
25-TC22,2025,VERBENA,2025-11-25 14:00:00,Masbate,,,,
25-TC22,2025,VERBENA,2025-11-25 17:00:00,Antique; Palawan; Aklan,,,,
25-TC22,2025,VERBENA,2025-11-25 20:00:00,Aklan,Palawan,,,
25-TC22,2025,VERBENA,2025-11-25 23:00:00,Aklan,Palawan,,,
25-TC22,2025,VERBENA,2025-11-26 02:00:00,Aklan,Palawan,,,
25-TC22,2025,VERBENA,2025-11-26 05:00:00,,Palawan,,,
25-TC22,2025,VERBENA,2025-11-26 11:00:00,,,,,
25-TC22,2025,VERBENA,2025-11-26 17:00:00,,,,,
25-TC22,2025,VERBENA,2025-11-26 23:00:00,,,,,
25-TC22,2025,VERBENA,2025-11-27 05:00:00,,,,,
25-TC22,2025,VERBENA,2025-11-27 11:00:00,,,,,
25-TC22,2025,VERBENA,2025-11-27 17:00:00,,,,,
25-TC22,2025,VERBENA,2025-11-27 23:00:00,,,,,
25-TC23,2025,WILMA,2025-12-04 11:00:00,Dinagat Islands; Northern Samar; Southern Leyte; Eastern Samar; Biliran; Leyte,,,,
25-TC23,2025,WILMA,2025-12-04 17:00:00,Masbate; Bohol,,,,
25-TC23,2025,WILMA,2025-12-04 23:00:00,Masbate,,,,
25-TC23,2025,WILMA,2025-12-05 05:00:00,Negros Occidental; Bohol,,,,
25-TC23,2025,WILMA,2025-12-05 08:00:00,,,,,
25-TC23,2025,WILMA,2025-12-05 11:00:00,,,,,
25-TC23,2025,WILMA,2025-12-05 14:00:00,,,,,
25-TC23,2025,WILMA,2025-12-05 17:00:00,,,,,
25-TC23,2025,WILMA,2025-12-05 20:00:00,Masbate,,,,
25-TC23,2025,WILMA,2025-12-05 23:00:00,Isabela; Masbate,,,,
25-TC23,2025,WILMA,2025-12-06 02:00:00,Agusan Del Norte,,,,
25-TC23,2025,WILMA,2025-12-06 05:00:00,Occidental Mindoro; Rizal,,,,
25-TC23,2025,WILMA,2025-12-06 08:00:00,Occidental Mindoro; Rizal,,,,
25-TC23,2025,WILMA,2025-12-06 11:00:00,Occidental Mindoro; Rizal; Cebu,,,,
25-TC23,2025,WILMA,2025-12-06 14:00:00,Occidental Mindoro; Rizal; Cebu,,,,
25-TC23,2025,WILMA,2025-12-06 17:00:00,Rizal; Cebu,,,,
25-TC23,2025,WILMA,2025-12-06 20:00:00,Rizal; Cebu,,,,
25-TC23,2025,WILMA,2025-12-06 23:00:00,Rizal; Cebu,,,,
25-TC23,2025,WILMA,2025-12-07 02:00:00,Rizal; Cebu,,,,
25-TC23,2025,WILMA,2025-12-07 05:00:00,Negros Occidental; Rizal; Cebu,,,,
25-TC23,2025,WILMA,2025-12-07 08:00:00,Negros Occidental; Cebu,,,,
