sid,season,name,forecast_time,latitude,longitude,msw_kmh,cat
24-TC01,2024,AGHON,2024-05-24 14:00:00,9.4,127.6,45.0,TD
24-TC01,2024,AGHON,2024-05-24 20:00:00,9.7,127.5,55.0,TD
24-TC01,2024,AGHON,2024-05-25 02:00:00,10.7,125.9,65.0,TS
24-TC01,2024,AGHON,2024-05-25 05:00:00,11.1,125.6,65.0,TS
24-TC01,2024,AGHON,2024-05-25 08:00:00,12.0,124.7,55.0,TD
24-TC01,2024,AGHON,2024-05-25 11:00:00,12.4,124.3,55.0,TD
24-TC01,2024,AGHON,2024-05-25 14:00:00,13.1,123.5,,
24-TC01,2024,AGHON,2024-05-25 17:00:00,13.4,123.0,55.0,TD
24-TC01,2024,AGHON,2024-05-25 20:00:00,13.7,122.6,55.0,TD
24-TC01,2024,AGHON,2024-05-25 23:00:00,13.9,121.7,55.0,TD
24-TC01,2024,AGHON,2024-05-26 02:00:00,13.6,121.4,55.0,TD
24-TC01,2024,AGHON,2024-05-26 05:00:00,13.9,121.5,55.0,TD
24-TC01,2024,AGHON,2024-05-26 08:00:00,14.3,121.4,55.0,TD
24-TC01,2024,AGHON,2024-05-26 11:00:00,14.7,121.5,55.0,TD
24-TC01,2024,AGHON,2024-05-26 14:00:00,14.6,121.5,65.0,TS
24-TC01,2024,AGHON,2024-05-26 17:00:00,14.8,121.7,75.0,TS
24-TC01,2024,AGHON,2024-05-26 20:00:00,14.8,121.8,85.0,TS
24-TC01,2024,AGHON,2024-05-26 23:00:00,15.8,122.0,65.0,TS
24-TC01,2024,AGHON,2024-05-27 02:00:00,15.3,122.5,100.0,STS
24-TC01,2024,AGHON,2024-05-27 05:00:00,15.6,122.8,110.0,STS
24-TC01,2024,AGHON,2024-05-27 08:00:00,16.3,123.0,130.0,TY
24-TC01,2024,AGHON,2024-05-27 11:00:00,16.6,123.2,150.0,TY
24-TC01,2024,AGHON,2024-05-27 14:00:00,17.0,123.2,150.0,TY
24-TC01,2024,AGHON,2024-05-27 17:00:00,17.3,123.6,150.0,TY
24-TC01,2024,AGHON,2024-05-27 20:00:00,17.1,123.8,150.0,TY
24-TC01,2024,AGHON,2024-05-27 23:00:00,17.9,124.5,155.0,TY
24-TC01,2024,AGHON,2024-05-28 02:00:00,17.7,124.6,150.0,TY
24-TC01,2024,AGHON,2024-05-28 05:00:00,19.0,125.3,150.0,TY
24-TC01,2024,AGHON,2024-05-28 08:00:00,18.8,125.6,140.0,TY
24-TC01,2024,AGHON,2024-05-28 11:00:00,19.8,126.5,155.0,TY
24-TC01,2024,AGHON,2024-05-28 14:00:00,19.8,126.6,70.0,TY
24-TC01,2024,AGHON,2024-05-28 17:00:00,21.3,127.8,155.0,TY
24-TC01,2024,AGHON,2024-05-28 20:00:00,20.8,127.8,140.0,TY
24-TC01,2024,AGHON,2024-05-28 23:00:00,22.1,129.0,155.0,TY
24-TC01,2024,AGHON,2024-05-29 02:00:00,22.6,129.4,140.0,TY
24-TC01,2024,AGHON,2024-05-29 05:00:00,23.7,130.5,155.0,TY
24-TC01,2024,AGHON,2024-05-29 08:00:00,24.1,130.5,120.0,TY
24-TC01,2024,AGHON,2024-05-29 11:00:00,24.5,131.5,150.0,TY
24-TC01,2024,AGHON,2024-05-29 14:00:00,25.5,131.9,130.0,TY
24-TC01,2024,AGHON,2024-05-29 17:00:00,25.8,133.1,150.0,TY
24-TC01,2024,AGHON,2024-05-29 20:00:00,26.3,132.8,120.0,TY
24-TC01,2024,AGHON,2024-05-29 23:00:00,26.5,133.9,140.0,TY
24-TC01,2024,AGHON,2024-05-30 02:00:00,27.5,134.2,110.0,STS
24-TC01,2024,AGHON,2024-05-30 05:00:00,28.2,136.0,140.0,TY
24-TC01,2024,AGHON,2024-05-30 08:00:00,28.2,134.7,100.0,STS
24-TC01,2024,AGHON,2024-05-30 11:00:00,32.5,142.0,95.0,STS
24-TC01,2024,AGHON,2024-05-30 14:00:00,29.4,136.2,100.0,STS
24-TC01,2024,AGHON,2024-05-30 17:00:00,28.5,136.9,100.0,STS
24-TC01,2024,AGHON,2024-05-30 20:00:00,29.6,138.2,100.0,STS
24-TC01,2024,AGHON,2024-05-30 23:00:00,30.1,138.9,110.0,STS
24-TC02,2024,BUTCHOY,2024-07-20 08:00:00,15.5,113.7,55.0,TD
24-TC02,2024,BUTCHOY,2024-07-20 14:00:00,15.4,112.9,55.0,TD
24-TC02,2024,BUTCHOY,2024-07-20 20:00:00,15.5,113.1,55.0,TD
24-TC02,2024,BUTCHOY,2024-07-21 02:00:00,15.7,111.5,65.0,TS
24-TC02,2024,BUTCHOY,2024-07-21 08:00:00,15.8,112.2,65.0,TS
24-TC02,2024,BUTCHOY,2024-07-21 14:00:00,16.3,110.8,65.0,TS
24-TC02,2024,BUTCHOY,2024-07-21 20:00:00,16.5,111.1,65.0,TS
24-TC02,2024,BUTCHOY,2024-07-22 02:00:00,17.6,109.9,65.0,TS
24-TC02,2024,BUTCHOY,2024-07-22 08:00:00,17.6,110.4,65.0,TS
24-TC02,2024,BUTCHOY,2024-07-22 14:00:00,18.5,109.3,55.0,TD
24-TC02,2024,BUTCHOY,2024-07-22 20:00:00,18.4,110.0,55.0,TD
24-TC02,2024,BUTCHOY,2024-07-23 02:00:00,19.5,109.1,,
24-TC02,2024,BUTCHOY,2024-07-23 08:00:00,19.3,109.7,,
24-TC03,2024,CARINA,2024-07-20 08:00:00,14.9,129.9,45.0,TD
24-TC03,2024,CARINA,2024-07-20 14:00:00,16.0,128.4,55.0,TD
24-TC03,2024,CARINA,2024-07-20 20:00:00,16.0,127.8,65.0,TS
24-TC03,2024,CARINA,2024-07-21 02:00:00,16.3,127.2,65.0,TS
24-TC03,2024,CARINA,2024-07-21 08:00:00,17.4,127.0,75.0,TS
24-TC03,2024,CARINA,2024-07-21 14:00:00,17.1,126.1,85.0,TS
24-TC03,2024,CARINA,2024-07-21 20:00:00,17.2,125.2,95.0,STS
24-TC03,2024,CARINA,2024-07-22 02:00:00,17.5,125.2,95.0,STS
24-TC03,2024,CARINA,2024-07-22 08:00:00,17.6,125.6,100.0,STS
24-TC03,2024,CARINA,2024-07-22 14:00:00,17.9,125.6,110.0,STS
24-TC03,2024,CARINA,2024-07-22 20:00:00,18.3,125.2,120.0,TY
24-TC03,2024,CARINA,2024-07-23 02:00:00,18.7,125.5,130.0,TY
24-TC03,2024,CARINA,2024-07-23 08:00:00,19.6,125.0,150.0,TY
24-TC03,2024,CARINA,2024-07-23 14:00:00,20.4,125.0,150.0,TY
24-TC03,2024,CARINA,2024-07-23 20:00:00,21.7,124.6,150.0,TY
24-TC03,2024,CARINA,2024-07-24 02:00:00,22.7,124.0,155.0,TY
24-TC03,2024,CARINA,2024-07-24 08:00:00,23.7,123.3,155.0,TY
24-TC03,2024,CARINA,2024-07-24 14:00:00,24.0,122.0,175.0,TY
24-TC03,2024,CARINA,2024-07-24 20:00:00,24.1,122.1,175.0,TY
24-TC03,2024,CARINA,2024-07-25 02:00:00,24.9,121.4,175.0,TY
24-TC03,2024,CARINA,2024-07-25 08:00:00,25.2,120.3,155.0,TY
24-TC03,2024,CARINA,2024-07-25 14:00:00,25.5,119.2,120.0,TY
24-TC03,2024,CARINA,2024-07-25 20:00:00,25.5,118.9,120.0,TY
24-TC03,2024,CARINA,2024-07-26 02:00:00,26.0,118.6,95.0,STS
24-TC03,2024,CARINA,2024-07-26 08:00:00,26.6,118.2,95.0,STS
24-TC03,2024,CARINA,2024-07-26 14:00:00,27.7,117.4,65.0,TS
24-TC03,2024,CARINA,2024-07-26 20:00:00,28.1,117.2,65.0,TS
24-TC03,2024,CARINA,2024-07-27 02:00:00,28.9,116.3,55.0,TD
24-TC03,2024,CARINA,2024-07-27 08:00:00,29.5,116.4,55.0,TD
24-TC04,2024,DINDO,2024-08-19 08:00:00,25.8,125.4,65.0,TD
24-TC04,2024,DINDO,2024-08-19 14:00:00,26.4,126.1,65.0,TS
24-TC04,2024,DINDO,2024-08-19 20:00:00,27.0,125.9,65.0,TS
24-TC04,2024,DINDO,2024-08-20 02:00:00,29.3,125.5,65.0,TS
24-TC04,2024,DINDO,2024-08-20 08:00:00,30.3,125.8,65.0,TS
24-TC05,2024,ENTENG,2024-09-01 20:00:00,13.8,124.5,55.0,TD
24-TC05,2024,ENTENG,2024-09-02 02:00:00,14.2,123.9,65.0,TS
24-TC05,2024,ENTENG,2024-09-02 05:00:00,14.6,123.7,65.0,TS
24-TC05,2024,ENTENG,2024-09-02 08:00:00,15.3,123.6,65.0,TS
24-TC05,2024,ENTENG,2024-09-02 11:00:00,15.8,123.0,75.0,TS
24-TC05,2024,ENTENG,2024-09-02 14:00:00,16.3,122.6,85.0,TS
24-TC05,2024,ENTENG,2024-09-02 17:00:00,16.5,122.6,85.0,TS
24-TC05,2024,ENTENG,2024-09-02 20:00:00,17.3,122.3,85.0,TS
24-TC05,2024,ENTENG,2024-09-02 23:00:00,17.7,122.0,85.0,TS
24-TC05,2024,ENTENG,2024-09-03 02:00:00,18.5,121.6,45.0,TS
24-TC05,2024,ENTENG,2024-09-03 05:00:00,18.8,121.0,85.0,TS
24-TC05,2024,ENTENG,2024-09-03 08:00:00,18.7,120.3,85.0,TS
24-TC05,2024,ENTENG,2024-09-03 11:00:00,18.8,120.1,85.0,TS
24-TC05,2024,ENTENG,2024-09-03 14:00:00,18.6,119.6,95.0,STS
24-TC05,2024,ENTENG,2024-09-03 17:00:00,18.6,119.3,95.0,STS
24-TC05,2024,ENTENG,2024-09-03 20:00:00,18.5,118.9,95.0,STS
24-TC05,2024,ENTENG,2024-09-03 23:00:00,19.1,118.9,95.0,STS
24-TC05,2024,ENTENG,2024-09-04 02:00:00,18.9,118.4,100.0,STS
24-TC05,2024,ENTENG,2024-09-04 05:00:00,18.9,118.3,100.0,STS
24-TC05,2024,ENTENG,2024-09-04 08:00:00,18.9,117.7,100.0,STS
24-TC05,2024,ENTENG,2024-09-04 11:00:00,19.1,117.6,100.0,STS
24-TC05,2024,ENTENG,2024-09-04 14:00:00,19.0,117.2,120.0,TY
24-TC05,2024,ENTENG,2024-09-04 17:00:00,19.1,117.3,110.0,STS
24-TC05,2024,ENTENG,2024-09-04 20:00:00,18.8,116.8,130.0,STS
24-TC05,2024,ENTENG,2024-09-04 23:00:00,18.9,116.5,110.0,STS
24-TC05,2024,ENTENG,2024-09-05 02:00:00,18.8,116.1,140.0,TY
24-TC05,2024,ENTENG,2024-09-05 05:00:00,19.0,116.3,120.0,TY
24-TC05,2024,ENTENG,2024-09-05 08:00:00,18.8,115.7,150.0,TY
24-TC05,2024,ENTENG,2024-09-05 11:00:00,18.8,115.2,120.0,TY
24-TC05,2024,ENTENG,2024-09-05 14:00:00,18.9,115.0,150.0,TY
24-TC05,2024,ENTENG,2024-09-05 17:00:00,18.9,114.9,130.0,TY
24-TC05,2024,ENTENG,2024-09-05 20:00:00,19.0,114.5,165.0,TY
24-TC05,2024,ENTENG,2024-09-05 23:00:00,18.8,113.9,130.0,TY
24-TC05,2024,ENTENG,2024-09-06 02:00:00,19.3,113.5,165.0,TY
24-TC05,2024,ENTENG,2024-09-06 05:00:00,19.0,113.5,150.0,TY
24-TC05,2024,ENTENG,2024-09-06 08:00:00,19.4,113.0,175.0,TY
24-TC05,2024,ENTENG,2024-09-06 11:00:00,19.5,114.2,140.0,TY
24-TC05,2024,ENTENG,2024-09-06 14:00:00,19.8,111.7,175.0,TY
24-TC05,2024,ENTENG,2024-09-06 17:00:00,19.2,112.0,150.0,TY
24-TC05,2024,ENTENG,2024-09-06 20:00:00,19.4,111.1,155.0,TY
24-TC05,2024,ENTENG,2024-09-06 23:00:00,19.6,110.8,155.0,TY
24-TC05,2024,ENTENG,2024-09-07 02:00:00,20.0,110.6,155.0,TY
24-TC05,2024,ENTENG,2024-09-07 05:00:00,20.1,110.4,155.0,TY
24-TC05,2024,ENTENG,2024-09-07 08:00:00,19.9,111.3,175.0,TY
24-TC05,2024,ENTENG,2024-09-07 11:00:00,21.0,111.4,150.0,TY
24-TC05,2024,ENTENG,2024-09-07 14:00:00,20.4,109.6,150.0,TY
24-TC05,2024,ENTENG,2024-09-07 17:00:00,20.7,109.2,155.0,TY
24-TC05,2024,ENTENG,2024-09-07 20:00:00,20.8,108.5,155.0,TY
24-TC05,2024,ENTENG,2024-09-07 23:00:00,20.8,108.0,140.0,TY
24-TC05,2024,ENTENG,2024-09-08 02:00:00,21.3,107.3,130.0,TY
24-TC05,2024,ENTENG,2024-09-08 05:00:00,21.4,107.1,130.0,TY
24-TC05,2024,ENTENG,2024-09-08 08:00:00,21.1,107.7,130.0,TY
24-TC06,2024,FERDIE,2024-09-14 08:00:00,26.8,131.0,95.0,STS
24-TC06,2024,FERDIE,2024-09-14 14:00:00,27.4,129.6,100.0,STS
24-TC06,2024,FERDIE,2024-09-14 20:00:00,28.5,128.3,100.0,STS
24-TC06,2024,FERDIE,2024-09-15 02:00:00,28.8,127.0,110.0,STS
24-TC07,2024,GENER,2024-09-16 17:00:00,17.1,124.6,55.0,TD
24-TC07,2024,GENER,2024-09-16 20:00:00,16.9,123.6,55.0,TD
24-TC07,2024,GENER,2024-09-16 23:00:00,17.0,122.6,55.0,TD
24-TC07,2024,GENER,2024-09-17 02:00:00,17.2,122.9,55.0,TD
24-TC07,2024,GENER,2024-09-17 05:00:00,17.1,121.9,55.0,TD
24-TC07,2024,GENER,2024-09-17 08:00:00,17.0,120.5,55.0,TD
24-TC07,2024,GENER,2024-09-17 11:00:00,16.9,119.8,55.0,TD
24-TC07,2024,GENER,2024-09-17 14:00:00,16.6,118.7,55.0,TD
24-TC07,2024,GENER,2024-09-17 17:00:00,16.5,118.1,55.0,TD
24-TC07,2024,GENER,2024-09-17 20:00:00,16.5,118.5,55.0,TD
24-TC07,2024,GENER,2024-09-17 23:00:00,16.5,116.4,55.0,TD
24-TC07,2024,GENER,2024-09-18 02:00:00,16.8,115.2,55.0,TD
24-TC07,2024,GENER,2024-09-18 05:00:00,16.2,115.4,65.0,TS
24-TC07,2024,GENER,2024-09-18 08:00:00,16.9,114.8,65.0,TS
24-TC07,2024,GENER,2024-09-18 11:00:00,16.1,113.4,65.0,TS
24-TC07,2024,GENER,2024-09-18 14:00:00,16.9,114.0,65.0,TS
24-TC07,2024,GENER,2024-09-18 17:00:00,16.2,113.2,65.0,TS
24-TC07,2024,GENER,2024-09-18 20:00:00,16.4,112.0,65.0,TS
24-TC07,2024,GENER,2024-09-18 23:00:00,16.0,111.1,65.0,TS
24-TC07,2024,GENER,2024-09-19 02:00:00,16.4,110.8,65.0,TS
24-TC07,2024,GENER,2024-09-19 05:00:00,16.4,111.5,75.0,TS
24-TC07,2024,GENER,2024-09-19 08:00:00,16.4,109.7,65.0,TS
24-TC07,2024,GENER,2024-09-19 11:00:00,16.0,109.9,75.0,TS
24-TC07,2024,GENER,2024-09-19 14:00:00,16.6,108.5,65.0,TS
24-TC07,2024,GENER,2024-09-19 17:00:00,16.9,110.5,75.0,TS
24-TC07,2024,GENER,2024-09-19 20:00:00,16.9,110.3,75.0,TS
24-TC07,2024,GENER,2024-09-19 23:00:00,17.0,110.5,75.0,TS
24-TC07,2024,GENER,2024-09-20 02:00:00,17.4,109.7,75.0,TS
24-TC07,2024,GENER,2024-09-20 05:00:00,17.6,109.4,75.0,TS
24-TC07,2024,GENER,2024-09-20 08:00:00,17.4,109.5,75.0,TS
24-TC07,2024,GENER,2024-09-20 11:00:00,18.6,111.6,110.0,STS
24-TC07,2024,GENER,2024-09-20 14:00:00,18.2,109.9,85.0,TS
24-TC07,2024,GENER,2024-09-20 17:00:00,18.2,109.7,85.0,TS
24-TC07,2024,GENER,2024-09-20 20:00:00,18.0,109.6,75.0,TS
24-TC07,2024,GENER,2024-09-20 23:00:00,18.2,109.4,75.0,TS
24-TC07,2024,GENER,2024-09-21 05:00:00,19.6,109.6,55.0,TD
24-TC07,2024,GENER,2024-09-21 08:00:00,19.6,108.6,100.0,STS
24-TC07,2024,GENER,2024-09-21 11:00:00,19.7,108.0,100.0,STS
24-TC08,2024,HELEN,2024-09-18 08:00:00,23.9,130.4,75.0,TS
24-TC08,2024,HELEN,2024-09-18 14:00:00,24.5,129.1,75.0,TS
24-TC08,2024,HELEN,2024-09-18 20:00:00,25.5,128.2,85.0,TS
24-TC08,2024,HELEN,2024-09-19 02:00:00,27.0,125.9,85.0,TS
24-TC08,2024,HELEN,2024-09-19 08:00:00,28.6,124.3,85.0,TS
24-TC08,2024,HELEN,2024-09-19 14:00:00,28.5,122.3,75.0,TS
24-TC09,2024,IGME,2024-09-21 02:00:00,23.5,127.0,55.0,TD
24-TC09,2024,IGME,2024-09-21 08:00:00,25.7,123.7,55.0,TD
24-TC09,2024,IGME,2024-09-21 14:00:00,25.8,122.2,55.0,TD
24-TC09,2024,IGME,2024-09-21 20:00:00,25.9,122.7,55.0,TD
24-TC09,2024,IGME,2024-09-22 02:00:00,25.4,120.4,,
24-TC09,2024,IGME,2024-09-22 08:00:00,25.6,121.9,,
24-TC09,2024,IGME,2024-09-22 14:00:00,25.3,122.8,45.0,TD
24-TC09,2024,IGME,2024-09-23 02:00:00,26.1,123.0,,
24-TC10,2024,JULIAN,2024-09-27 14:00:00,19.8,126.3,55.0,TD
24-TC10,2024,JULIAN,2024-09-27 20:00:00,19.8,126.3,55.0,TD
24-TC10,2024,JULIAN,2024-09-28 02:00:00,19.0,125.5,65.0,TS
24-TC10,2024,JULIAN,2024-09-28 08:00:00,18.4,125.2,65.0,TS
24-TC10,2024,JULIAN,2024-09-28 14:00:00,18.2,124.9,65.0,TS
24-TC10,2024,JULIAN,2024-09-28 20:00:00,18.2,125.4,75.0,TS
24-TC10,2024,JULIAN,2024-09-29 02:00:00,18.6,124.5,85.0,TS
24-TC10,2024,JULIAN,2024-09-29 08:00:00,18.6,124.2,100.0,STS
24-TC10,2024,JULIAN,2024-09-29 14:00:00,19.1,123.7,110.0,STS
24-TC10,2024,JULIAN,2024-09-29 20:00:00,19.1,123.5,130.0,TY
24-TC10,2024,JULIAN,2024-09-29 23:00:00,19.3,123.5,140.0,TY
24-TC10,2024,JULIAN,2024-09-30 02:00:00,19.8,122.8,140.0,TY
24-TC10,2024,JULIAN,2024-09-30 05:00:00,20.2,122.6,155.0,TY
24-TC10,2024,JULIAN,2024-09-30 08:00:00,20.1,122.1,155.0,TY
24-TC10,2024,JULIAN,2024-09-30 11:00:00,20.3,121.8,155.0,TY
24-TC10,2024,JULIAN,2024-09-30 14:00:00,20.3,121.3,165.0,TY
24-TC10,2024,JULIAN,2024-09-30 17:00:00,20.4,121.0,175.0,TY
24-TC10,2024,JULIAN,2024-09-30 20:00:00,20.5,120.7,185.0,STY
24-TC10,2024,JULIAN,2024-09-30 23:00:00,20.6,120.6,185.0,STY
24-TC10,2024,JULIAN,2024-10-01 02:00:00,20.7,120.2,185.0,STY
24-TC10,2024,JULIAN,2024-10-01 05:00:00,20.8,119.9,185.0,TY
24-TC10,2024,JULIAN,2024-10-01 08:00:00,20.9,119.7,185.0,STY
24-TC10,2024,JULIAN,2024-10-01 11:00:00,21.1,119.9,185.0,STY
24-TC10,2024,JULIAN,2024-10-01 14:00:00,21.1,119.8,195.0,STY
24-TC10,2024,JULIAN,2024-10-01 17:00:00,21.3,119.7,185.0,STY
24-TC10,2024,JULIAN,2024-10-01 20:00:00,21.1,119.5,195.0,STY
24-TC10,2024,JULIAN,2024-10-01 23:00:00,21.8,120.0,185.0,STY
24-TC10,2024,JULIAN,2024-10-02 02:00:00,21.6,119.4,195.0,STY
24-TC10,2024,JULIAN,2024-10-02 05:00:00,21.7,119.6,185.0,STY
24-TC10,2024,JULIAN,2024-10-02 08:00:00,21.8,119.6,175.0,TY
24-TC10,2024,JULIAN,2024-10-02 11:00:00,22.6,120.5,175.0,TY
24-TC10,2024,JULIAN,2024-10-02 14:00:00,22.1,119.5,150.0,TY
24-TC10,2024,JULIAN,2024-10-02 17:00:00,22.6,120.1,155.0,TY
24-TC10,2024,JULIAN,2024-10-02 20:00:00,22.3,119.7,85.0,TY
24-TC10,2024,JULIAN,2024-10-02 23:00:00,23.9,121.8,155.0,TY
24-TC10,2024,JULIAN,2024-10-03 02:00:00,22.5,119.8,150.0,TY
24-TC10,2024,JULIAN,2024-10-03 05:00:00,23.7,121.3,120.0,TY
24-TC10,2024,JULIAN,2024-10-03 08:00:00,22.8,120.2,130.0,TY
24-TC10,2024,JULIAN,2024-10-03 11:00:00,25.3,123.1,155.0,TY
24-TC10,2024,JULIAN,2024-10-03 14:00:00,22.8,120.4,110.0,STS
24-TC10,2024,JULIAN,2024-10-03 17:00:00,26.8,124.4,130.0,TY
24-TC10,2024,JULIAN,2024-10-03 20:00:00,22.7,120.4,95.0,STS
24-TC10,2024,JULIAN,2024-10-03 23:00:00,25.0,122.9,120.0,TY
24-TC10,2024,JULIAN,2024-10-04 02:00:00,23.0,120.5,75.0,TS
24-TC10,2024,JULIAN,2024-10-04 05:00:00,26.6,124.2,110.0,STS
24-TC10,2024,JULIAN,2024-10-04 08:00:00,22.2,120.1,,
24-TC10,2024,JULIAN,2024-10-04 11:00:00,29.1,126.2,150.0,TY
24-TC10,2024,JULIAN,2024-10-04 14:00:00,22.0,120.3,,
24-TC10,2024,JULIAN,2024-10-04 17:00:00,31.8,126.8,110.0,STS
24-TC10,2024,JULIAN,2024-10-04 20:00:00,23.4,120.2,,
24-TC10,2024,JULIAN,2024-10-04 23:00:00,29.3,125.6,110.0,STS
24-TC10,2024,JULIAN,2024-10-05 02:00:00,24.0,120.8,,
24-TC10,2024,JULIAN,2024-10-05 05:00:00,29.8,124.8,100.0,STS
24-TC10,2024,JULIAN,2024-10-05 08:00:00,22.4,118.3,,
24-TC10,2024,JULIAN,2024-10-05 14:00:00,28.2,122.5,95.0,STS
24-TC10,2024,JULIAN,2024-10-05 20:00:00,27.5,121.7,95.0,STS
24-TC10,2024,JULIAN,2024-10-06 02:00:00,22.5,116.2,,
24-TC11,2024,KRISTINE,2024-10-21 14:00:00,13.8,131.8,65.0,TS
24-TC11,2024,KRISTINE,2024-10-21 20:00:00,12.9,130.1,65.0,TS
24-TC11,2024,KRISTINE,2024-10-22 02:00:00,12.9,130.5,65.0,TS
24-TC11,2024,KRISTINE,2024-10-22 08:00:00,13.9,128.2,65.0,TS
24-TC11,2024,KRISTINE,2024-10-22 14:00:00,14.3,126.6,75.0,TS
24-TC11,2024,KRISTINE,2024-10-22 20:00:00,14.1,125.9,75.0,TS
24-TC11,2024,KRISTINE,2024-10-23 02:00:00,14.7,125.3,85.0,TS
24-TC11,2024,KRISTINE,2024-10-23 08:00:00,15.9,125.0,85.0,TS
24-TC11,2024,KRISTINE,2024-10-23 14:00:00,16.5,123.6,95.0,STS
24-TC11,2024,KRISTINE,2024-10-23 17:00:00,16.7,123.1,95.0,STS
24-TC11,2024,KRISTINE,2024-10-23 20:00:00,17.0,122.5,100.0,STS
24-TC11,2024,KRISTINE,2024-10-23 23:00:00,17.3,122.4,95.0,STS
24-TC11,2024,KRISTINE,2024-10-24 02:00:00,17.1,121.3,95.0,STS
24-TC11,2024,KRISTINE,2024-10-24 05:00:00,16.9,120.9,95.0,STS
24-TC11,2024,KRISTINE,2024-10-24 08:00:00,16.7,120.5,95.0,STS
24-TC11,2024,KRISTINE,2024-10-24 11:00:00,16.8,120.6,95.0,STS
24-TC11,2024,KRISTINE,2024-10-24 14:00:00,16.9,120.8,95.0,STS
24-TC11,2024,KRISTINE,2024-10-24 17:00:00,17.0,120.3,95.0,STS
24-TC11,2024,KRISTINE,2024-10-24 20:00:00,17.0,120.5,95.0,STS
24-TC11,2024,KRISTINE,2024-10-24 23:00:00,17.2,120.1,95.0,STS
24-TC11,2024,KRISTINE,2024-10-25 02:00:00,17.4,119.2,95.0,STS
24-TC11,2024,KRISTINE,2024-10-25 05:00:00,17.3,118.9,95.0,STS
24-TC11,2024,KRISTINE,2024-10-25 08:00:00,17.2,118.5,100.0,STS
24-TC11,2024,KRISTINE,2024-10-25 11:00:00,17.3,118.0,100.0,STS
24-TC11,2024,KRISTINE,2024-10-25 14:00:00,17.3,117.4,100.0,STS
24-TC11,2024,KRISTINE,2024-10-25 17:00:00,17.6,116.9,95.0,STS
24-TC11,2024,KRISTINE,2024-10-25 20:00:00,17.4,116.3,100.0,STS
24-TC11,2024,KRISTINE,2024-10-25 23:00:00,17.4,116.0,110.0,STS
24-TC11,2024,KRISTINE,2024-10-26 02:00:00,17.6,114.8,100.0,STS
24-TC11,2024,KRISTINE,2024-10-26 05:00:00,17.6,114.7,100.0,STS
24-TC11,2024,KRISTINE,2024-10-26 08:00:00,17.4,113.1,100.0,STS
24-TC11,2024,KRISTINE,2024-10-26 11:00:00,17.2,113.7,110.0,STS
24-TC11,2024,KRISTINE,2024-10-26 14:00:00,17.4,112.4,110.0,STS
24-TC11,2024,KRISTINE,2024-10-26 17:00:00,17.4,112.8,100.0,STS
24-TC11,2024,KRISTINE,2024-10-26 20:00:00,17.2,110.9,100.0,STS
24-TC11,2024,KRISTINE,2024-10-26 23:00:00,16.9,112.0,100.0,STS
24-TC11,2024,KRISTINE,2024-10-27 02:00:00,17.1,110.4,110.0,STS
24-TC11,2024,KRISTINE,2024-10-27 05:00:00,17.1,111.2,110.0,STS
24-TC11,2024,KRISTINE,2024-10-27 08:00:00,16.9,109.8,95.0,STS
24-TC11,2024,KRISTINE,2024-10-27 11:00:00,16.5,110.7,100.0,STS
24-TC11,2024,KRISTINE,2024-10-27 14:00:00,16.5,109.0,100.0,STS
24-TC11,2024,KRISTINE,2024-10-27 17:00:00,16.7,110.3,110.0,STS
24-TC11,2024,KRISTINE,2024-10-27 20:00:00,16.2,108.8,85.0,TS
24-TC11,2024,KRISTINE,2024-10-27 23:00:00,16.1,110.2,95.0,STS
24-TC11,2024,KRISTINE,2024-10-28 02:00:00,15.9,109.1,85.0,TS
24-TC11,2024,KRISTINE,2024-10-28 05:00:00,16.7,111.3,100.0,STS
24-TC11,2024,KRISTINE,2024-10-28 08:00:00,15.7,109.0,85.0,TS
24-TC11,2024,KRISTINE,2024-10-28 11:00:00,16.7,111.3,100.0,STS
24-TC11,2024,KRISTINE,2024-10-28 14:00:00,15.8,109.4,65.0,TS
24-TC11,2024,KRISTINE,2024-10-28 17:00:00,16.1,110.9,100.0,STS
24-TC11,2024,KRISTINE,2024-10-28 20:00:00,15.7,109.8,75.0,TS
24-TC11,2024,KRISTINE,2024-10-28 23:00:00,15.9,110.8,95.0,STS
24-TC11,2024,KRISTINE,2024-10-29 02:00:00,15.5,110.6,95.0,STS
24-TC11,2024,KRISTINE,2024-10-29 05:00:00,17.6,113.5,95.0,STS
24-TC11,2024,KRISTINE,2024-10-29 08:00:00,15.8,111.2,85.0,TS
24-TC11,2024,KRISTINE,2024-10-29 11:00:00,17.2,114.0,95.0,STS
24-TC11,2024,KRISTINE,2024-10-29 14:00:00,15.9,111.8,65.0,TS
24-TC11,2024,KRISTINE,2024-10-29 17:00:00,16.4,113.4,95.0,STS
24-TC11,2024,KRISTINE,2024-10-29 20:00:00,15.8,111.5,65.0,TS
24-TC11,2024,KRISTINE,2024-10-29 23:00:00,16.5,113.5,95.0,STS
24-TC11,2024,KRISTINE,2024-10-30 02:00:00,15.8,112.7,95.0,STS
24-TC11,2024,KRISTINE,2024-10-30 08:00:00,16.0,113.1,85.0,TS
24-TC11,2024,KRISTINE,2024-10-30 14:00:00,16.1,114.0,65.0,TS
24-TC11,2024,KRISTINE,2024-10-30 20:00:00,16.1,113.2,65.0,TS
24-TC12,2024,LEON,2024-10-27 08:00:00,17.0,133.3,75.0,TS
24-TC12,2024,LEON,2024-10-27 14:00:00,16.8,132.1,75.0,TS
24-TC12,2024,LEON,2024-10-27 20:00:00,16.2,130.9,75.0,TS
24-TC12,2024,LEON,2024-10-28 02:00:00,16.8,130.6,85.0,TS
24-TC12,2024,LEON,2024-10-28 08:00:00,16.6,129.0,95.0,STS
24-TC12,2024,LEON,2024-10-28 14:00:00,16.6,128.8,95.0,STS
24-TC12,2024,LEON,2024-10-28 20:00:00,17.0,128.1,100.0,STS
24-TC12,2024,LEON,2024-10-29 02:00:00,17.2,127.6,120.0,TY
24-TC12,2024,LEON,2024-10-29 08:00:00,17.4,127.2,120.0,TY
24-TC12,2024,LEON,2024-10-29 14:00:00,17.9,126.7,130.0,TY
24-TC12,2024,LEON,2024-10-29 20:00:00,18.5,125.9,150.0,TY
24-TC12,2024,LEON,2024-10-30 02:00:00,18.7,125.3,165.0,TY
24-TC12,2024,LEON,2024-10-30 08:00:00,19.2,124.7,175.0,TY
24-TC12,2024,LEON,2024-10-30 14:00:00,19.6,124.1,175.0,TY
24-TC12,2024,LEON,2024-10-30 20:00:00,20.0,123.6,185.0,STY
24-TC12,2024,LEON,2024-10-30 23:00:00,20.4,123.2,185.0,STY
24-TC12,2024,LEON,2024-10-31 02:00:00,21.0,122.8,185.0,STY
24-TC12,2024,LEON,2024-10-31 05:00:00,21.6,122.2,185.0,STY
24-TC12,2024,LEON,2024-10-31 08:00:00,21.8,122.1,195.0,STY
24-TC12,2024,LEON,2024-10-31 11:00:00,22.3,121.6,195.0,STY
24-TC12,2024,LEON,2024-10-31 14:00:00,22.9,121.1,175.0,TY
24-TC12,2024,LEON,2024-10-31 17:00:00,23.5,120.7,150.0,TY
24-TC12,2024,LEON,2024-10-31 20:00:00,24.1,120.2,130.0,TY
24-TC12,2024,LEON,2024-10-31 23:00:00,24.6,120.0,130.0,TY
24-TC12,2024,LEON,2024-11-01 02:00:00,25.0,120.2,100.0,STS
24-TC12,2024,LEON,2024-11-01 05:00:00,25.3,120.0,100.0,STS
24-TC12,2024,LEON,2024-11-01 08:00:00,26.5,120.3,85.0,TS
24-TC12,2024,LEON,2024-11-01 11:00:00,26.4,120.1,85.0,TS
24-TC12,2024,LEON,2024-11-01 14:00:00,28.0,121.4,35.0,STS
24-TC12,2024,LEON,2024-11-01 17:00:00,27.7,120.6,75.0,TS
24-TC12,2024,LEON,2024-11-01 20:00:00,29.2,122.4,65.0,TS
24-TC12,2024,LEON,2024-11-01 23:00:00,28.6,122.1,65.0,TS
24-TC12,2024,LEON,2024-11-02 02:00:00,30.5,124.2,,
24-TC12,2024,LEON,2024-11-02 05:00:00,30.4,123.7,65.0,TS
24-TC12,2024,LEON,2024-11-02 08:00:00,28.6,122.5,75.0,TS
24-TC12,2024,LEON,2024-11-02 14:00:00,31.6,127.4,55.0,TD
24-TC13,2024,MARCE,2024-11-04 14:00:00,13.2,131.9,75.0,TS
24-TC13,2024,MARCE,2024-11-04 20:00:00,13.7,130.8,85.0,TS
24-TC13,2024,MARCE,2024-11-05 02:00:00,14.8,129.0,100.0,STS
24-TC13,2024,MARCE,2024-11-05 08:00:00,16.0,127.6,120.0,TY
24-TC13,2024,MARCE,2024-11-05 14:00:00,16.7,126.9,130.0,TY
24-TC13,2024,MARCE,2024-11-05 20:00:00,17.4,125.9,130.0,TY
24-TC13,2024,MARCE,2024-11-06 02:00:00,18.0,125.2,150.0,TY
24-TC13,2024,MARCE,2024-11-06 08:00:00,18.0,124.8,150.0,TY
24-TC13,2024,MARCE,2024-11-06 14:00:00,18.3,124.3,150.0,TY
24-TC13,2024,MARCE,2024-11-06 17:00:00,18.3,124.1,150.0,TY
24-TC13,2024,MARCE,2024-11-06 20:00:00,18.3,124.0,150.0,TY
24-TC13,2024,MARCE,2024-11-06 23:00:00,18.4,123.8,155.0,TY
24-TC13,2024,MARCE,2024-11-07 02:00:00,18.3,123.5,155.0,TY
24-TC13,2024,MARCE,2024-11-07 05:00:00,18.3,123.2,155.0,TY
24-TC13,2024,MARCE,2024-11-07 08:00:00,18.5,123.2,155.0,TY
24-TC13,2024,MARCE,2024-11-07 11:00:00,18.6,122.8,155.0,TY
24-TC13,2024,MARCE,2024-11-07 14:00:00,18.6,122.3,150.0,TY
24-TC13,2024,MARCE,2024-11-07 17:00:00,18.6,122.0,155.0,TY
24-TC13,2024,MARCE,2024-11-07 20:00:00,18.7,121.6,165.0,TY
24-TC13,2024,MARCE,2024-11-07 23:00:00,18.4,121.0,165.0,TY
24-TC13,2024,MARCE,2024-11-08 02:00:00,18.7,116.0,150.0,TY
24-TC13,2024,MARCE,2024-11-08 05:00:00,18.3,119.4,165.0,TY
24-TC13,2024,MARCE,2024-11-08 08:00:00,18.3,119.3,150.0,TY
24-TC13,2024,MARCE,2024-11-08 11:00:00,18.3,118.9,150.0,TY
24-TC13,2024,MARCE,2024-11-08 14:00:00,18.3,118.2,150.0,TY
24-TC13,2024,MARCE,2024-11-08 17:00:00,18.3,117.7,140.0,TY
24-TC13,2024,MARCE,2024-11-08 20:00:00,18.3,117.1,130.0,TY
24-TC13,2024,MARCE,2024-11-08 23:00:00,18.3,116.7,140.0,TY
24-TC13,2024,MARCE,2024-11-09 02:00:00,19.6,113.5,150.0,TY
24-TC13,2024,MARCE,2024-11-09 05:00:00,18.5,115.6,140.0,TY
24-TC13,2024,MARCE,2024-11-09 08:00:00,18.7,115.1,130.0,TY
24-TC13,2024,MARCE,2024-11-09 11:00:00,18.6,114.6,130.0,TY
24-TC13,2024,MARCE,2024-11-09 14:00:00,19.2,114.4,155.0,TY
24-TC13,2024,MARCE,2024-11-09 17:00:00,18.7,114.0,130.0,TY
24-TC13,2024,MARCE,2024-11-09 20:00:00,19.1,113.8,120.0,TY
24-TC13,2024,MARCE,2024-11-09 23:00:00,18.8,113.3,120.0,TY
24-TC13,2024,MARCE,2024-11-10 02:00:00,18.6,112.1,110.0,STS
24-TC13,2024,MARCE,2024-11-10 05:00:00,18.7,112.9,120.0,TY
24-TC13,2024,MARCE,2024-11-10 08:00:00,19.2,113.1,110.0,STS
24-TC13,2024,MARCE,2024-11-10 11:00:00,18.6,112.5,110.0,STS
24-TC13,2024,MARCE,2024-11-10 14:00:00,19.4,113.1,140.0,TY
24-TC13,2024,MARCE,2024-11-10 17:00:00,18.4,112.2,100.0,STS
24-TC13,2024,MARCE,2024-11-10 20:00:00,18.9,112.5,100.0,STS
24-TC13,2024,MARCE,2024-11-10 23:00:00,18.2,111.8,100.0,STS
24-TC13,2024,MARCE,2024-11-11 02:00:00,18.0,111.6,95.0,STS
24-TC13,2024,MARCE,2024-11-11 05:00:00,17.8,111.3,45.0,TS
24-TC13,2024,MARCE,2024-11-11 08:00:00,18.3,111.4,85.0,TS
24-TC13,2024,MARCE,2024-11-11 11:00:00,17.0,110.8,85.0,TS
24-TC13,2024,MARCE,2024-11-11 14:00:00,17.7,111.1,85.0,TS
24-TC13,2024,MARCE,2024-11-11 17:00:00,16.3,110.4,75.0,TS
24-TC13,2024,MARCE,2024-11-11 20:00:00,16.3,110.3,75.0,TS
24-TC13,2024,MARCE,2024-11-11 23:00:00,16.0,110.1,65.0,TS
24-TC13,2024,MARCE,2024-11-12 02:00:00,16.3,110.0,65.0,TS
24-TC13,2024,MARCE,2024-11-12 05:00:00,16.1,109.9,30.0,TD
24-TC13,2024,MARCE,2024-11-12 08:00:00,16.0,109.6,55.0,TD
24-TC13,2024,MARCE,2024-11-12 11:00:00,14.5,108.7,55.0,TD
24-TC13,2024,MARCE,2024-11-12 14:00:00,14.6,109.1,45.0,TD
24-TC13,2024,MARCE,2024-11-12 17:00:00,13.6,109.6,55.0,TD
24-TC13,2024,MARCE,2024-11-12 20:00:00,13.6,109.5,55.0,TD
24-TC13,2024,MARCE,2024-11-12 23:00:00,13.2,109.4,,
24-TC13,2024,MARCE,2024-11-13 02:00:00,14.8,109.5,,
24-TC14,2024,NIKA,2024-11-09 20:00:00,14.5,130.5,55.0,TD
24-TC14,2024,NIKA,2024-11-10 02:00:00,14.5,128.7,75.0,TS
24-TC14,2024,NIKA,2024-11-10 08:00:00,14.8,127.3,95.0,TS
24-TC14,2024,NIKA,2024-11-10 14:00:00,15.4,125.8,120.0,TY
24-TC14,2024,NIKA,2024-11-10 20:00:00,15.5,124.5,120.0,TY
24-TC14,2024,NIKA,2024-11-10 23:00:00,15.5,124.1,120.0,TY
24-TC14,2024,NIKA,2024-11-11 02:00:00,15.8,123.2,120.0,TY
24-TC14,2024,NIKA,2024-11-11 05:00:00,16.0,122.7,130.0,TY
24-TC14,2024,NIKA,2024-11-11 08:00:00,16.2,122.5,130.0,TY
24-TC14,2024,NIKA,2024-11-11 11:00:00,16.5,122.0,130.0,TY
24-TC14,2024,NIKA,2024-11-11 14:00:00,17.1,121.0,110.0,STS
24-TC14,2024,NIKA,2024-11-11 17:00:00,17.2,120.7,110.0,STS
24-TC14,2024,NIKA,2024-11-11 20:00:00,17.7,120.0,110.0,STS
24-TC14,2024,NIKA,2024-11-11 23:00:00,18.1,119.3,110.0,STS
24-TC14,2024,NIKA,2024-11-12 02:00:00,18.1,119.0,100.0,STS
24-TC14,2024,NIKA,2024-11-12 05:00:00,18.6,118.6,100.0,STS
24-TC14,2024,NIKA,2024-11-12 08:00:00,18.8,118.6,100.0,STS
24-TC14,2024,NIKA,2024-11-12 11:00:00,18.9,117.9,95.0,STS
24-TC14,2024,NIKA,2024-11-12 14:00:00,19.1,117.9,85.0,TS
24-TC14,2024,NIKA,2024-11-12 17:00:00,19.2,117.4,95.0,STS
24-TC14,2024,NIKA,2024-11-12 20:00:00,19.3,117.7,85.0,TS
24-TC14,2024,NIKA,2024-11-12 23:00:00,19.5,116.8,85.0,TS
24-TC14,2024,NIKA,2024-11-13 02:00:00,19.7,116.7,85.0,TS
24-TC14,2024,NIKA,2024-11-13 05:00:00,19.8,116.1,85.0,TS
24-TC14,2024,NIKA,2024-11-13 08:00:00,19.8,116.3,75.0,TS
24-TC14,2024,NIKA,2024-11-13 11:00:00,20.1,115.5,75.0,TS
24-TC14,2024,NIKA,2024-11-13 14:00:00,20.1,115.4,85.0,TS
24-TC14,2024,NIKA,2024-11-13 17:00:00,20.3,114.7,75.0,TS
24-TC14,2024,NIKA,2024-11-13 20:00:00,20.1,115.1,75.0,TS
24-TC14,2024,NIKA,2024-11-13 23:00:00,20.6,114.2,65.0,TS
24-TC14,2024,NIKA,2024-11-14 02:00:00,20.3,114.1,75.0,TS
24-TC14,2024,NIKA,2024-11-14 05:00:00,20.5,113.3,65.0,TS
24-TC14,2024,NIKA,2024-11-14 08:00:00,20.3,113.8,65.0,TS
24-TC14,2024,NIKA,2024-11-14 11:00:00,20.8,112.9,55.0,TD
24-TC14,2024,NIKA,2024-11-14 14:00:00,20.3,113.1,65.0,TS
24-TC14,2024,NIKA,2024-11-14 17:00:00,20.4,112.2,45.0,TD
24-TC14,2024,NIKA,2024-11-14 20:00:00,20.3,113.1,55.0,TD
24-TC14,2024,NIKA,2024-11-14 23:00:00,20.4,112.7,55.0,TD
24-TC14,2024,NIKA,2024-11-15 02:00:00,20.0,112.4,55.0,TD
24-TC14,2024,NIKA,2024-11-15 05:00:00,20.2,112.3,45.0,TD
24-TC14,2024,NIKA,2024-11-15 08:00:00,20.0,112.5,,
24-TC14,2024,NIKA,2024-11-15 11:00:00,20.4,111.7,45.0,TD
24-TC14,2024,NIKA,2024-11-15 14:00:00,19.3,112.1,,
24-TC14,2024,NIKA,2024-11-15 17:00:00,19.2,111.1,,
24-TC14,2024,NIKA,2024-11-15 20:00:00,19.7,112.6,,
24-TC14,2024,NIKA,2024-11-15 23:00:00,20.0,111.9,,
24-TC14,2024,NIKA,2024-11-16 02:00:00,19.9,111.7,,
24-TC14,2024,NIKA,2024-11-16 05:00:00,19.8,111.6,,
24-TC14,2024,NIKA,2024-11-16 08:00:00,19.5,111.3,,
24-TC14,2024,NIKA,2024-11-16 11:00:00,19.3,111.2,,
24-TC15,2024,OFEL,2024-11-12 02:00:00,14.2,129.3,95.0,STS
24-TC15,2024,OFEL,2024-11-12 14:00:00,13.4,132.2,85.0,TS
24-TC15,2024,OFEL,2024-11-12 20:00:00,14.1,131.0,95.0,STS
24-TC15,2024,OFEL,2024-11-13 02:00:00,14.6,129.1,110.0,STS
24-TC15,2024,OFEL,2024-11-13 08:00:00,15.2,127.9,120.0,TY
24-TC15,2024,OFEL,2024-11-13 14:00:00,15.5,126.5,130.0,TY
24-TC15,2024,OFEL,2024-11-13 20:00:00,16.2,125.5,140.0,TY
24-TC15,2024,OFEL,2024-11-14 02:00:00,16.6,124.1,130.0,TY
24-TC15,2024,OFEL,2024-11-14 05:00:00,17.0,123.7,140.0,TY
24-TC15,2024,OFEL,2024-11-14 08:00:00,17.5,123.1,155.0,TY
24-TC15,2024,OFEL,2024-11-14 11:00:00,17.8,123.0,155.0,TY
24-TC15,2024,OFEL,2024-11-14 14:00:00,18.1,122.3,175.0,TY
24-TC15,2024,OFEL,2024-11-14 17:00:00,18.4,122.0,175.0,TY
24-TC15,2024,OFEL,2024-11-14 20:00:00,18.8,121.4,175.0,TY
24-TC15,2024,OFEL,2024-11-14 23:00:00,19.2,121.1,155.0,TY
24-TC15,2024,OFEL,2024-11-15 02:00:00,22.2,120.2,85.0,TS
24-TC15,2024,OFEL,2024-11-15 05:00:00,19.7,120.5,140.0,TY
24-TC15,2024,OFEL,2024-11-15 08:00:00,20.2,120.1,120.0,TY
24-TC15,2024,OFEL,2024-11-15 11:00:00,20.4,120.0,120.0,TY
24-TC15,2024,OFEL,2024-11-15 14:00:00,20.9,119.9,110.0,STS
24-TC15,2024,OFEL,2024-11-15 17:00:00,21.0,120.0,120.0,TY
24-TC15,2024,OFEL,2024-11-15 20:00:00,21.3,119.8,95.0,STS
24-TC15,2024,OFEL,2024-11-15 23:00:00,21.5,119.7,100.0,STS
24-TC15,2024,OFEL,2024-11-16 02:00:00,23.4,121.4,65.0,TS
24-TC15,2024,OFEL,2024-11-16 05:00:00,21.9,120.1,95.0,STS
24-TC15,2024,OFEL,2024-11-16 08:00:00,22.5,120.7,75.0,TS
24-TC15,2024,OFEL,2024-11-16 11:00:00,22.0,119.9,95.0,STS
24-TC15,2024,OFEL,2024-11-16 14:00:00,22.7,120.8,45.0,TD
24-TC15,2024,OFEL,2024-11-16 17:00:00,22.4,120.3,85.0,TS
24-TC15,2024,OFEL,2024-11-16 20:00:00,22.8,120.8,45.0,TD
24-TC15,2024,OFEL,2024-11-16 23:00:00,22.4,120.4,75.0,TS
24-TC15,2024,OFEL,2024-11-17 02:00:00,22.1,121.0,,
24-TC15,2024,OFEL,2024-11-17 05:00:00,23.0,120.6,75.0,TS
24-TC15,2024,OFEL,2024-11-17 08:00:00,24.5,123.0,,
24-TC15,2024,OFEL,2024-11-17 11:00:00,22.7,120.9,65.0,TS
24-TC15,2024,OFEL,2024-11-17 14:00:00,23.8,121.9,55.0,TD
24-TC15,2024,OFEL,2024-11-17 17:00:00,23.5,121.0,55.0,TD
24-TC15,2024,OFEL,2024-11-17 20:00:00,24.0,122.6,,
24-TC15,2024,OFEL,2024-11-17 23:00:00,23.0,121.7,,
24-TC15,2024,OFEL,2024-11-18 02:00:00,23.5,122.2,,
24-TC15,2024,OFEL,2024-11-18 05:00:00,24.1,124.7,55.0,TD
24-TC15,2024,OFEL,2024-11-18 08:00:00,23.7,121.9,,
24-TC15,2024,OFEL,2024-11-18 11:00:00,24.1,124.7,,
24-TC15,2024,OFEL,2024-11-18 14:00:00,24.5,123.9,,
24-TC15,2024,OFEL,2024-11-18 17:00:00,24.5,122.3,,
24-TC15,2024,OFEL,2024-11-18 20:00:00,25.8,130.0,55.0,TD
24-TC15,2024,OFEL,2024-11-18 23:00:00,26.0,130.8,55.0,TD
24-TC15,2024,OFEL,2024-11-19 02:00:00,23.7,124.5,,
24-TC15,2024,OFEL,2024-11-19 05:00:00,23.6,124.3,,
24-TC15,2024,OFEL,2024-11-19 08:00:00,23.6,124.3,,
24-TC16,2024,PEPITO,2024-11-15 08:00:00,10.6,131.9,130.0,TY
24-TC16,2024,PEPITO,2024-11-15 14:00:00,11.0,130.6,140.0,TY
24-TC16,2024,PEPITO,2024-11-15 20:00:00,11.5,128.9,150.0,TY
24-TC16,2024,PEPITO,2024-11-16 02:00:00,11.9,127.9,155.0,TY
24-TC16,2024,PEPITO,2024-11-16 08:00:00,12.6,126.8,175.0,TY
24-TC16,2024,PEPITO,2024-11-16 11:00:00,12.7,126.4,175.0,TY
24-TC16,2024,PEPITO,2024-11-16 14:00:00,13.1,125.6,185.0,STY
24-TC16,2024,PEPITO,2024-11-16 17:00:00,13.3,125.2,185.0,STY
24-TC16,2024,PEPITO,2024-11-16 20:00:00,13.7,124.6,195.0,STY
24-TC16,2024,PEPITO,2024-11-16 23:00:00,14.0,124.1,205.0,STY
24-TC16,2024,PEPITO,2024-11-17 02:00:00,17.6,119.1,130.0,TY
24-TC16,2024,PEPITO,2024-11-17 05:00:00,14.7,123.2,205.0,STY
24-TC16,2024,PEPITO,2024-11-17 08:00:00,14.9,122.8,195.0,STY
24-TC16,2024,PEPITO,2024-11-17 11:00:00,15.2,122.3,195.0,STY
24-TC16,2024,PEPITO,2024-11-17 14:00:00,15.6,121.7,165.0,TY
24-TC16,2024,PEPITO,2024-11-17 17:00:00,15.9,121.3,155.0,TY
24-TC16,2024,PEPITO,2024-11-17 20:00:00,16.7,120.4,130.0,TY
24-TC16,2024,PEPITO,2024-11-17 23:00:00,17.1,119.9,130.0,TY
24-TC16,2024,PEPITO,2024-11-18 02:00:00,18.7,114.9,100.0,STS
24-TC16,2024,PEPITO,2024-11-18 05:00:00,17.8,118.5,130.0,TY
24-TC16,2024,PEPITO,2024-11-18 08:00:00,18.4,118.1,130.0,TY
24-TC16,2024,PEPITO,2024-11-18 11:00:00,18.2,117.7,130.0,TY
24-TC16,2024,PEPITO,2024-11-18 14:00:00,18.7,116.9,120.0,TY
24-TC16,2024,PEPITO,2024-11-18 17:00:00,18.6,116.4,120.0,TY
24-TC16,2024,PEPITO,2024-11-18 20:00:00,18.6,116.3,95.0,STS
24-TC16,2024,PEPITO,2024-11-18 23:00:00,18.7,115.8,110.0,STS
24-TC16,2024,PEPITO,2024-11-19 02:00:00,18.8,114.9,95.0,STS
24-TC16,2024,PEPITO,2024-11-19 05:00:00,18.6,114.3,100.0,STS
24-TC16,2024,PEPITO,2024-11-19 08:00:00,18.6,114.1,75.0,TS
24-TC16,2024,PEPITO,2024-11-19 11:00:00,18.7,113.8,85.0,TS
24-TC16,2024,PEPITO,2024-11-19 14:00:00,18.4,112.5,75.0,TS
24-TC16,2024,PEPITO,2024-11-19 17:00:00,18.2,112.4,85.0,TS
24-TC16,2024,PEPITO,2024-11-19 20:00:00,18.2,112.3,55.0,TD
24-TC16,2024,PEPITO,2024-11-19 23:00:00,18.2,112.1,65.0,TS
24-TC16,2024,PEPITO,2024-11-20 02:00:00,18.1,110.8,55.0,TD
24-TC16,2024,PEPITO,2024-11-20 05:00:00,17.5,111.0,55.0,TD
24-TC16,2024,PEPITO,2024-11-20 08:00:00,18.0,111.1,45.0,TD
24-TC16,2024,PEPITO,2024-11-20 11:00:00,17.1,109.7,,
24-TC16,2024,PEPITO,2024-11-20 14:00:00,17.5,108.8,,
24-TC16,2024,PEPITO,2024-11-20 17:00:00,16.5,109.9,,
24-TC16,2024,PEPITO,2024-11-20 20:00:00,17.2,109.5,,
24-TC16,2024,PEPITO,2024-11-20 23:00:00,17.3,110.8,,
24-TC16,2024,PEPITO,2024-11-21 02:00:00,17.4,109.5,,
24-TC16,2024,PEPITO,2024-11-21 05:00:00,16.7,110.2,,
24-TC16,2024,PEPITO,2024-11-21 08:00:00,16.7,110.1,,
24-TC16,2024,PEPITO,2024-11-21 11:00:00,16.4,109.9,,
24-TC16,2024,PEPITO,2024-11-21 14:00:00,14.8,107.8,,
24-TC17,2024,QUERUBIN,2024-12-18 02:00:00,6.4,128.2,45.0,TD
24-TC17,2024,QUERUBIN,2024-12-18 08:00:00,8.1,127.6,45.0,TD
24-TC17,2024,QUERUBIN,2024-12-18 14:00:00,8.0,127.8,45.0,TD
24-TC17,2024,QUERUBIN,2024-12-18 20:00:00,8.8,127.8,45.0,TD
24-TC17,2024,QUERUBIN,2024-12-19 02:00:00,9.3,127.6,,
24-TC17,2024,QUERUBIN,2024-12-19 08:00:00,9.4,127.4,,
24-TC18,2024,ROMINA,2024-12-22 20:00:00,8.6,114.0,65.0,TS
24-TC18,2024,ROMINA,2024-12-22 23:00:00,9.5,113.6,65.0,TS
24-TC18,2024,ROMINA,2024-12-23 02:00:00,9.9,113.7,65.0,TS
24-TC18,2024,ROMINA,2024-12-23 05:00:00,10.4,112.9,65.0,TS
24-TC18,2024,ROMINA,2024-12-23 08:00:00,11.8,112.0,65.0,TS
24-TC18,2024,ROMINA,2024-12-23 11:00:00,10.1,112.2,55.0,TD
24-TC18,2024,ROMINA,2024-12-23 14:00:00,11.3,111.6,65.0,TS
24-TC18,2024,ROMINA,2024-12-23 17:00:00,11.0,111.9,55.0,TD
24-TC18,2024,ROMINA,2024-12-23 20:00:00,12.1,111.3,65.0,TS
24-TC18,2024,ROMINA,2024-12-23 23:00:00,10.3,111.5,55.0,TD
24-TC18,2024,ROMINA,2024-12-24 02:00:00,11.1,110.9,65.0,TS
24-TC18,2024,ROMINA,2024-12-24 05:00:00,10.9,110.8,45.0,TD
24-TC18,2024,ROMINA,2024-12-24 08:00:00,12.0,110.5,55.0,TD
24-TC18,2024,ROMINA,2024-12-24 11:00:00,10.5,110.6,55.0,TD
24-TC18,2024,ROMINA,2024-12-24 14:00:00,11.3,110.1,55.0,TD
24-TC18,2024,ROMINA,2024-12-24 17:00:00,11.2,109.4,,
24-TC18,2024,ROMINA,2024-12-24 20:00:00,11.8,109.7,,
24-TC18,2024,ROMINA,2024-12-24 23:00:00,10.7,109.3,45.0,TD
24-TC18,2024,ROMINA,2024-12-25 02:00:00,11.2,108.8,,
24-TC18,2024,ROMINA,2024-12-25 14:00:00,11.3,108.7,,
25-TC01,2025,AURING,2025-06-13 08:00:00,24.8,121.0,45.0,TD
25-TC01,2025,AURING,2025-06-13 20:00:00,26.9,120.8,,
25-TC02,2025,BISING,2025-07-04 14:00:00,19.8,119.0,45.0,TD
25-TC02,2025,BISING,2025-07-04 20:00:00,19.9,118.5,55.0,TD
25-TC02,2025,BISING,2025-07-05 02:00:00,20.2,117.8,65.0,TS
25-TC02,2025,BISING,2025-07-05 08:00:00,20.3,118.3,65.0,TS
25-TC02,2025,BISING,2025-07-05 14:00:00,20.8,117.7,75.0,TS
25-TC02,2025,BISING,2025-07-05 20:00:00,20.9,118.8,75.0,TS
25-TC02,2025,BISING,2025-07-06 02:00:00,21.2,117.9,75.0,TS
25-TC02,2025,BISING,2025-07-06 08:00:00,21.7,119.9,85.0,TS
25-TC02,2025,BISING,2025-07-06 14:00:00,21.7,118.4,85.0,TS
25-TC02,2025,BISING,2025-07-06 20:00:00,23.3,121.5,85.0,TS
25-TC02,2025,BISING,2025-07-07 02:00:00,27.4,122.7,75.0,TS
25-TC02,2025,BISING,2025-07-07 08:00:00,25.3,121.8,110.0,STS
25-TC02,2025,BISING,2025-07-07 14:00:00,26.2,122.2,85.0,TS
25-TC02,2025,BISING,2025-07-07 20:00:00,27.3,122.0,85.0,TS
25-TC02,2025,BISING,2025-07-08 02:00:00,27.3,120.4,65.0,TS
25-TC02,2025,BISING,2025-07-08 08:00:00,28.2,121.9,75.0,TS
25-TC02,2025,BISING,2025-07-08 14:00:00,27.8,122.1,75.0,TS
25-TC02,2025,BISING,2025-07-08 20:00:00,28.4,120.5,65.0,TS
25-TC02,2025,BISING,2025-07-09 02:00:00,27.6,120.7,85.0,TS
25-TC02,2025,BISING,2025-07-09 08:00:00,28.0,118.7,55.0,TD
25-TC02,2025,BISING,2025-07-09 14:00:00,26.7,118.5,55.0,TD
25-TC02,2025,BISING,2025-07-09 20:00:00,27.1,117.0,,
25-TC02,2025,BISING,2025-07-10 02:00:00,26.0,117.1,,
25-TC02,2025,BISING,2025-07-10 14:00:00,25.9,116.6,,
25-TC02,2025,BISING,2025-07-10 20:00:00,25.4,116.4,,
25-TC03,2025,CRISING,2025-07-16 20:00:00,14.5,130.3,55.0,TD
25-TC03,2025,CRISING,2025-07-17 02:00:00,13.7,128.9,55.0,TD
25-TC03,2025,CRISING,2025-07-17 08:00:00,13.8,128.0,65.0,TS
25-TC03,2025,CRISING,2025-07-17 14:00:00,14.2,127.3,65.0,TS
25-TC03,2025,CRISING,2025-07-17 20:00:00,15.7,126.8,65.0,TS
25-TC03,2025,CRISING,2025-07-18 02:00:00,16.3,124.6,65.0,TS
25-TC03,2025,CRISING,2025-07-18 08:00:00,17.0,124.0,65.0,TS
25-TC03,2025,CRISING,2025-07-18 11:00:00,17.8,123.4,65.0,TS
25-TC03,2025,CRISING,2025-07-18 14:00:00,18.3,123.4,75.0,TS
25-TC03,2025,CRISING,2025-07-18 17:00:00,18.4,123.1,75.0,TS
25-TC03,2025,CRISING,2025-07-18 20:00:00,19.1,121.8,75.0,TS
25-TC03,2025,CRISING,2025-07-18 23:00:00,19.3,121.3,75.0,TS
25-TC03,2025,CRISING,2025-07-19 02:00:00,19.4,120.6,75.0,TS
25-TC03,2025,CRISING,2025-07-19 05:00:00,19.5,120.1,85.0,TS
25-TC03,2025,CRISING,2025-07-19 08:00:00,19.9,119.9,85.0,TS
25-TC03,2025,CRISING,2025-07-19 11:00:00,20.3,119.2,95.0,STS
25-TC03,2025,CRISING,2025-07-19 14:00:00,20.5,118.8,95.0,STS
25-TC03,2025,CRISING,2025-07-19 17:00:00,20.3,118.6,85.0,TS
25-TC03,2025,CRISING,2025-07-19 20:00:00,20.9,117.9,110.0,STS
25-TC03,2025,CRISING,2025-07-19 23:00:00,21.1,117.2,95.0,STS
25-TC03,2025,CRISING,2025-07-20 02:00:00,21.4,116.2,110.0,STS
25-TC03,2025,CRISING,2025-07-20 05:00:00,21.3,115.8,95.0,STS
25-TC03,2025,CRISING,2025-07-20 08:00:00,21.7,115.3,110.0,STS
25-TC03,2025,CRISING,2025-07-20 11:00:00,21.5,114.8,95.0,STS
25-TC03,2025,CRISING,2025-07-20 14:00:00,21.6,113.5,110.0,STS
25-TC03,2025,CRISING,2025-07-20 17:00:00,21.5,113.3,100.0,STS
25-TC03,2025,CRISING,2025-07-20 20:00:00,21.7,112.4,120.0,TY
25-TC03,2025,CRISING,2025-07-20 23:00:00,21.6,112.2,100.0,STS
25-TC03,2025,CRISING,2025-07-21 02:00:00,21.2,111.5,110.0,STS
25-TC03,2025,CRISING,2025-07-21 05:00:00,21.4,111.0,95.0,STS
25-TC03,2025,CRISING,2025-07-21 08:00:00,21.2,110.5,110.0,STS
25-TC03,2025,CRISING,2025-07-21 11:00:00,21.3,110.3,100.0,STS
25-TC03,2025,CRISING,2025-07-21 14:00:00,20.9,109.8,110.0,STS
25-TC03,2025,CRISING,2025-07-21 17:00:00,21.1,109.3,95.0,STS
25-TC03,2025,CRISING,2025-07-21 20:00:00,20.9,108.9,95.0,STS
25-TC03,2025,CRISING,2025-07-21 23:00:00,21.2,109.0,95.0,STS
25-TC03,2025,CRISING,2025-07-22 02:00:00,20.9,108.9,85.0,TS
25-TC03,2025,CRISING,2025-07-22 05:00:00,21.5,110.1,95.0,STS
25-TC03,2025,CRISING,2025-07-22 08:00:00,21.1,109.3,95.0,STS
25-TC03,2025,CRISING,2025-07-22 11:00:00,21.1,109.1,95.0,STS
25-TC03,2025,CRISING,2025-07-22 14:00:00,21.1,109.8,140.0,TY
25-TC03,2025,CRISING,2025-07-22 20:00:00,21.2,109.3,130.0,TY
25-TC03,2025,CRISING,2025-07-22 23:00:00,21.2,108.7,130.0,TY
25-TC03,2025,CRISING,2025-07-23 02:00:00,21.1,109.7,85.0,TS
25-TC03,2025,CRISING,2025-07-23 05:00:00,21.3,109.4,85.0,TS
25-TC04,2025,DANTE,2025-07-23 02:00:00,20.2,131.6,55.0,TD
25-TC04,2025,DANTE,2025-07-23 08:00:00,20.8,130.5,55.0,TD
25-TC04,2025,DANTE,2025-07-23 14:00:00,21.4,129.4,65.0,TS
25-TC04,2025,DANTE,2025-07-23 20:00:00,22.1,128.7,65.0,TS
25-TC04,2025,DANTE,2025-07-24 02:00:00,23.4,128.4,75.0,TS
25-TC04,2025,DANTE,2025-07-24 08:00:00,24.1,127.7,75.0,TS
25-TC04,2025,DANTE,2025-07-24 14:00:00,24.7,127.5,75.0,TS
25-TC04,2025,DANTE,2025-07-24 20:00:00,25.4,126.0,75.0,TS
25-TC04,2025,DANTE,2025-07-25 02:00:00,26.0,125.8,65.0,TS
25-TC04,2025,DANTE,2025-07-25 08:00:00,26.3,124.0,65.0,TS
25-TC04,2025,DANTE,2025-07-25 14:00:00,26.5,124.0,75.0,TS
25-TC04,2025,DANTE,2025-07-25 20:00:00,26.5,122.7,65.0,TS
25-TC04,2025,DANTE,2025-07-26 02:00:00,26.4,122.0,45.0,TD
25-TC04,2025,DANTE,2025-07-26 08:00:00,26.8,121.4,55.0,TD
25-TC04,2025,DANTE,2025-07-26 14:00:00,26.5,121.3,,
25-TC04,2025,DANTE,2025-07-26 20:00:00,27.1,120.8,,
25-TC04,2025,DANTE,2025-07-27 02:00:00,26.7,122.0,,
25-TC05,2025,EMONG,2025-07-23 02:00:00,17.2,118.5,75.0,TS
25-TC05,2025,EMONG,2025-07-23 20:00:00,17.8,118.4,55.0,TD
25-TC05,2025,EMONG,2025-07-24 02:00:00,17.3,120.5,100.0,STS
25-TC05,2025,EMONG,2025-07-24 08:00:00,16.9,118.6,110.0,STS
25-TC05,2025,EMONG,2025-07-24 11:00:00,16.4,118.8,110.0,STS
25-TC05,2025,EMONG,2025-07-24 14:00:00,16.3,118.9,120.0,TY
25-TC05,2025,EMONG,2025-07-24 17:00:00,16.3,118.9,120.0,TY
25-TC05,2025,EMONG,2025-07-24 20:00:00,16.3,119.1,120.0,TY
25-TC05,2025,EMONG,2025-07-24 23:00:00,16.7,119.5,120.0,TY
25-TC05,2025,EMONG,2025-07-25 02:00:00,16.9,120.2,60.0,STS
25-TC05,2025,EMONG,2025-07-25 05:00:00,17.4,120.7,110.0,STS
25-TC05,2025,EMONG,2025-07-25 08:00:00,18.2,121.6,85.0,TS
25-TC05,2025,EMONG,2025-07-25 11:00:00,18.6,121.8,85.0,TS
25-TC05,2025,EMONG,2025-07-25 14:00:00,19.9,122.7,75.0,TS
25-TC05,2025,EMONG,2025-07-25 17:00:00,20.3,122.8,75.0,TS
25-TC05,2025,EMONG,2025-07-25 20:00:00,22.2,123.0,75.0,TS
25-TC05,2025,EMONG,2025-07-25 23:00:00,23.0,122.9,75.0,TS
25-TC05,2025,EMONG,2025-07-26 02:00:00,23.2,123.1,65.0,TS
25-TC05,2025,EMONG,2025-07-26 05:00:00,23.7,124.4,65.0,TS
25-TC05,2025,EMONG,2025-07-26 08:00:00,24.5,124.8,65.0,TS
25-TC05,2025,EMONG,2025-07-26 11:00:00,25.5,124.4,55.0,TD
25-TC05,2025,EMONG,2025-07-26 14:00:00,26.3,126.1,,
25-TC05,2025,EMONG,2025-07-26 17:00:00,25.6,124.9,55.0,TD
25-TC05,2025,EMONG,2025-07-26 20:00:00,26.2,125.1,45.0,TD
25-TC05,2025,EMONG,2025-07-26 23:00:00,26.6,125.3,,
25-TC05,2025,EMONG,2025-07-27 02:00:00,26.6,124.0,,
25-TC05,2025,EMONG,2025-07-27 05:00:00,26.7,125.6,,
25-TC05,2025,EMONG,2025-07-27 08:00:00,26.5,125.8,,
25-TC05,2025,EMONG,2025-07-27 14:00:00,27.1,131.4,,
25-TC05,2025,EMONG,2025-07-27 20:00:00,25.9,127.1,,
25-TC06,2025,FABIAN,2025-08-08 20:00:00,18.6,118.4,45.0,TD
25-TC06,2025,FABIAN,2025-08-09 02:00:00,18.8,117.5,,
25-TC06,2025,FABIAN,2025-08-09 08:00:00,18.9,116.5,,
25-TC07,2025,GORIO,2025-08-11 14:00:00,21.2,131.8,120.0,TY
25-TC07,2025,GORIO,2025-08-11 20:00:00,21.2,130.8,120.0,TY
25-TC07,2025,GORIO,2025-08-12 02:00:00,20.6,129.5,110.0,STS
25-TC07,2025,GORIO,2025-08-12 08:00:00,21.2,128.3,110.0,STS
25-TC07,2025,GORIO,2025-08-12 14:00:00,21.4,126.6,120.0,TY
25-TC07,2025,GORIO,2025-08-12 20:00:00,21.5,125.0,120.0,TY
25-TC07,2025,GORIO,2025-08-13 02:00:00,21.9,123.4,140.0,TY
25-TC07,2025,GORIO,2025-08-13 08:00:00,22.2,122.2,140.0,TY
25-TC07,2025,GORIO,2025-08-13 14:00:00,22.9,120.6,120.0,TY
25-TC07,2025,GORIO,2025-08-13 20:00:00,23.5,118.9,120.0,TY
25-TC07,2025,GORIO,2025-08-14 02:00:00,23.9,117.4,50.0,STS
25-TC07,2025,GORIO,2025-08-14 08:00:00,24.7,115.4,75.0,TS
25-TC07,2025,GORIO,2025-08-14 14:00:00,25.0,113.3,35.0,TS
25-TC07,2025,GORIO,2025-08-14 20:00:00,26.0,112.1,45.0,TD
25-TC07,2025,GORIO,2025-08-15 02:00:00,25.7,110.0,,
25-TC07,2025,GORIO,2025-08-15 08:00:00,25.9,109.1,,
25-TC07,2025,GORIO,2025-08-15 14:00:00,27.1,108.1,,
25-TC07,2025,GORIO,2025-08-15 20:00:00,27.1,109.7,,
25-TC08,2025,HUANING,2025-08-18 14:00:00,23.6,127.1,45.0,TD
25-TC08,2025,HUANING,2025-08-18 20:00:00,23.5,127.2,55.0,TD
25-TC08,2025,HUANING,2025-08-19 02:00:00,24.1,126.4,55.0,TD
25-TC08,2025,HUANING,2025-08-19 08:00:00,24.9,126.6,55.0,TD
25-TC08,2025,HUANING,2025-08-19 14:00:00,25.6,127.0,55.0,TD
25-TC08,2025,HUANING,2025-08-19 20:00:00,27.4,127.2,45.0,TD
25-TC08,2025,HUANING,2025-08-20 02:00:00,27.8,126.1,55.0,TD
25-TC08,2025,HUANING,2025-08-20 08:00:00,28.5,125.7,45.0,TD
25-TC09,2025,ISANG,2025-08-22 20:00:00,16.5,120.1,55.0,TD
25-TC09,2025,ISANG,2025-08-22 23:00:00,17.0,118.8,55.0,TD
25-TC09,2025,ISANG,2025-08-23 02:00:00,17.1,118.4,55.0,TD
25-TC09,2025,ISANG,2025-08-23 05:00:00,17.1,117.7,55.0,TD
25-TC09,2025,ISANG,2025-08-23 08:00:00,17.3,117.3,65.0,TS
25-TC09,2025,ISANG,2025-08-23 11:00:00,17.1,116.1,65.0,TS
25-TC09,2025,ISANG,2025-08-23 14:00:00,17.4,115.5,75.0,TS
25-TC09,2025,ISANG,2025-08-23 17:00:00,17.1,115.1,65.0,TS
25-TC09,2025,ISANG,2025-08-23 20:00:00,17.8,114.1,95.0,STS
25-TC09,2025,ISANG,2025-08-23 23:00:00,17.2,114.0,75.0,TS
25-TC09,2025,ISANG,2025-08-24 02:00:00,17.7,112.9,85.0,TS
25-TC09,2025,ISANG,2025-08-24 05:00:00,17.3,112.8,75.0,TS
25-TC09,2025,ISANG,2025-08-24 08:00:00,18.0,111.5,100.0,STS
25-TC09,2025,ISANG,2025-08-24 11:00:00,17.4,111.8,85.0,TS
25-TC09,2025,ISANG,2025-08-24 14:00:00,18.0,110.3,100.0,STS
25-TC09,2025,ISANG,2025-08-24 17:00:00,17.6,110.6,85.0,TS
25-TC09,2025,ISANG,2025-08-24 20:00:00,18.1,109.3,120.0,TY
25-TC09,2025,ISANG,2025-08-24 23:00:00,17.7,109.7,95.0,STS
25-TC09,2025,ISANG,2025-08-25 02:00:00,18.3,107.8,120.0,TY
25-TC09,2025,ISANG,2025-08-25 05:00:00,17.8,108.6,95.0,STS
25-TC09,2025,ISANG,2025-08-25 08:00:00,18.0,109.8,95.0,STS
25-TC10,2025,JACINTO,2025-08-28 20:00:00,15.4,115.3,55.0,TD
25-TC10,2025,JACINTO,2025-08-29 02:00:00,15.9,114.0,55.0,TD
25-TC10,2025,JACINTO,2025-08-29 08:00:00,16.2,113.5,55.0,TD
25-TC10,2025,JACINTO,2025-08-29 14:00:00,16.6,112.7,55.0,TD
25-TC10,2025,JACINTO,2025-08-29 20:00:00,17.0,111.7,55.0,TD
25-TC10,2025,JACINTO,2025-08-30 02:00:00,17.1,110.3,65.0,TS
25-TC10,2025,JACINTO,2025-08-30 08:00:00,17.5,109.6,65.0,TS
25-TC10,2025,JACINTO,2025-08-30 14:00:00,17.4,107.6,65.0,TS
25-TC11,2025,KIKO,2025-09-03 20:00:00,26.9,130.9,65.0,TS
25-TC11,2025,KIKO,2025-09-04 02:00:00,28.1,130.6,65.0,TS
25-TC11,2025,KIKO,2025-09-04 08:00:00,29.7,130.4,65.0,TS
25-TC12,2025,LANNIE,2025-09-06 14:00:00,18.1,117.3,55.0,TD
25-TC12,2025,LANNIE,2025-09-06 20:00:00,18.6,116.1,55.0,TD
25-TC12,2025,LANNIE,2025-09-07 02:00:00,18.6,116.6,65.0,TS
25-TC12,2025,LANNIE,2025-09-07 08:00:00,19.4,115.0,65.0,TS
25-TC12,2025,LANNIE,2025-09-07 14:00:00,19.8,115.2,65.0,TS
25-TC12,2025,LANNIE,2025-09-07 20:00:00,20.5,113.8,75.0,TS
25-TC12,2025,LANNIE,2025-09-08 02:00:00,20.9,113.7,75.0,TS
25-TC12,2025,LANNIE,2025-09-08 08:00:00,21.5,112.8,75.0,TS
25-TC12,2025,LANNIE,2025-09-08 14:00:00,21.9,112.1,75.0,TS
25-TC12,2025,LANNIE,2025-09-08 20:00:00,22.6,111.4,65.0,TS
25-TC12,2025,LANNIE,2025-09-09 02:00:00,22.6,111.0,45.0,TD
25-TC12,2025,LANNIE,2025-09-09 08:00:00,23.2,109.8,45.0,TD
25-TC12,2025,LANNIE,2025-09-10 02:00:00,23.5,108.8,,
25-TC13,2025,MIRASOL,2025-09-17 02:00:00,16.4,122.7,55.0,TD
25-TC13,2025,MIRASOL,2025-09-17 05:00:00,17.0,122.2,55.0,TD
25-TC13,2025,MIRASOL,2025-09-17 08:00:00,17.0,122.2,55.0,TD
25-TC13,2025,MIRASOL,2025-09-17 11:00:00,17.2,122.0,55.0,TD
25-TC13,2025,MIRASOL,2025-09-17 14:00:00,18.3,121.5,55.0,TD
25-TC13,2025,MIRASOL,2025-09-17 17:00:00,18.3,121.2,55.0,TD
25-TC13,2025,MIRASOL,2025-09-17 20:00:00,18.8,120.6,65.0,TS
25-TC13,2025,MIRASOL,2025-09-17 23:00:00,19.0,120.2,65.0,TS
25-TC13,2025,MIRASOL,2025-09-18 02:00:00,19.3,120.0,65.0,TS
25-TC13,2025,MIRASOL,2025-09-18 05:00:00,19.4,120.0,65.0,TS
25-TC13,2025,MIRASOL,2025-09-18 08:00:00,19.6,119.1,65.0,TS
25-TC13,2025,MIRASOL,2025-09-18 11:00:00,19.7,118.9,65.0,TS
25-TC13,2025,MIRASOL,2025-09-18 14:00:00,19.9,118.3,65.0,TS
25-TC13,2025,MIRASOL,2025-09-18 17:00:00,20.5,118.3,75.0,TS
25-TC13,2025,MIRASOL,2025-09-18 20:00:00,20.4,116.5,65.0,TS
25-TC13,2025,MIRASOL,2025-09-18 23:00:00,20.6,117.1,65.0,TS
25-TC13,2025,MIRASOL,2025-09-19 02:00:00,20.9,116.3,75.0,TS
25-TC13,2025,MIRASOL,2025-09-19 05:00:00,21.4,116.8,85.0,TS
25-TC13,2025,MIRASOL,2025-09-19 08:00:00,21.3,115.1,75.0,TS
25-TC13,2025,MIRASOL,2025-09-19 11:00:00,21.5,116.1,75.0,TS
25-TC13,2025,MIRASOL,2025-09-19 14:00:00,22.1,114.8,75.0,TS
25-TC13,2025,MIRASOL,2025-09-19 17:00:00,22.3,115.5,85.0,TS
25-TC13,2025,MIRASOL,2025-09-19 20:00:00,21.9,114.2,75.0,TS
25-TC13,2025,MIRASOL,2025-09-19 23:00:00,22.3,115.1,75.0,TS
25-TC13,2025,MIRASOL,2025-09-20 02:00:00,22.8,113.9,75.0,TS
25-TC13,2025,MIRASOL,2025-09-20 05:00:00,22.8,114.3,75.0,TS
25-TC13,2025,MIRASOL,2025-09-20 08:00:00,22.5,113.2,55.0,TD
25-TC13,2025,MIRASOL,2025-09-20 11:00:00,22.7,114.1,55.0,TD
25-TC13,2025,MIRASOL,2025-09-20 14:00:00,23.1,113.0,55.0,TD
25-TC13,2025,MIRASOL,2025-09-20 17:00:00,22.8,113.3,55.0,TD
25-TC13,2025,MIRASOL,2025-09-20 20:00:00,22.1,111.7,,
25-TC13,2025,MIRASOL,2025-09-20 23:00:00,23.1,113.1,,
25-TC13,2025,MIRASOL,2025-09-21 02:00:00,23.1,112.1,,
25-TC13,2025,MIRASOL,2025-09-21 05:00:00,22.3,113.3,75.0,TS
25-TC13,2025,MIRASOL,2025-09-21 08:00:00,22.3,111.0,75.0,TS
25-TC13,2025,MIRASOL,2025-09-21 11:00:00,22.4,110.9,75.0,TS
25-TC13,2025,MIRASOL,2025-09-21 14:00:00,22.6,111.2,,
25-TC13,2025,MIRASOL,2025-09-21 17:00:00,22.6,111.2,,
25-TC13,2025,MIRASOL,2025-09-21 20:00:00,21.5,112.5,65.0,TS
25-TC13,2025,MIRASOL,2025-09-21 23:00:00,21.5,112.1,75.0,TS
25-TC13,2025,MIRASOL,2025-09-22 02:00:00,21.4,110.9,75.0,TS
25-TC13,2025,MIRASOL,2025-09-22 05:00:00,21.9,110.6,65.0,TS
25-TC14,2025,NANDO,2025-09-18 08:00:00,15.1,133.8,65.0,TS
25-TC14,2025,NANDO,2025-09-18 14:00:00,16.0,133.4,65.0,TS
25-TC14,2025,NANDO,2025-09-18 20:00:00,15.6,133.4,65.0,TS
25-TC14,2025,NANDO,2025-09-19 02:00:00,16.1,132.3,75.0,TS
25-TC14,2025,NANDO,2025-09-19 08:00:00,16.4,131.7,75.0,TS
25-TC14,2025,NANDO,2025-09-19 14:00:00,16.3,131.3,85.0,TS
25-TC14,2025,NANDO,2025-09-19 20:00:00,16.0,130.3,100.0,STS
25-TC14,2025,NANDO,2025-09-20 02:00:00,16.3,130.1,100.0,STS
25-TC14,2025,NANDO,2025-09-20 08:00:00,16.7,129.5,100.0,STS
25-TC14,2025,NANDO,2025-09-20 14:00:00,17.2,128.9,120.0,TY
25-TC14,2025,NANDO,2025-09-20 20:00:00,17.1,128.7,140.0,TY
25-TC14,2025,NANDO,2025-09-21 02:00:00,17.5,128.0,155.0,TY
25-TC14,2025,NANDO,2025-09-21 08:00:00,18.1,127.0,175.0,TY
25-TC14,2025,NANDO,2025-09-21 14:00:00,18.7,126.0,195.0,STY
25-TC14,2025,NANDO,2025-09-21 20:00:00,18.8,125.3,195.0,STY
25-TC14,2025,NANDO,2025-09-22 02:00:00,19.2,124.4,195.0,STY
25-TC14,2025,NANDO,2025-09-22 05:00:00,19.3,124.0,195.0,STY
25-TC14,2025,NANDO,2025-09-22 08:00:00,19.3,123.0,220.0,STY
25-TC14,2025,NANDO,2025-09-22 11:00:00,19.4,122.4,220.0,STY
25-TC14,2025,NANDO,2025-09-22 14:00:00,19.5,121.7,215.0,STY
25-TC14,2025,NANDO,2025-09-22 17:00:00,19.6,121.1,205.0,STY
25-TC14,2025,NANDO,2025-09-22 20:00:00,19.5,120.6,215.0,STY
25-TC14,2025,NANDO,2025-09-22 23:00:00,19.6,120.0,215.0,STY
25-TC14,2025,NANDO,2025-09-23 02:00:00,19.8,119.0,205.0,STY
25-TC14,2025,NANDO,2025-09-23 05:00:00,19.9,118.6,205.0,STY
25-TC14,2025,NANDO,2025-09-23 08:00:00,19.9,118.2,195.0,STY
25-TC14,2025,NANDO,2025-09-23 11:00:00,20.1,117.8,205.0,STY
25-TC14,2025,NANDO,2025-09-23 14:00:00,20.3,117.4,165.0,TY
25-TC14,2025,NANDO,2025-09-23 17:00:00,20.6,116.5,195.0,STY
25-TC14,2025,NANDO,2025-09-23 20:00:00,20.8,116.2,185.0,STY
25-TC14,2025,NANDO,2025-09-23 23:00:00,20.7,115.5,195.0,STY
25-TC14,2025,NANDO,2025-09-24 02:00:00,21.0,114.8,185.0,STY
25-TC14,2025,NANDO,2025-09-24 05:00:00,21.2,114.4,185.0,STY
25-TC14,2025,NANDO,2025-09-24 08:00:00,21.3,114.0,175.0,TY
25-TC14,2025,NANDO,2025-09-24 11:00:00,21.0,113.3,185.0,STY
25-TC14,2025,NANDO,2025-09-24 14:00:00,21.4,112.6,165.0,TY
25-TC14,2025,NANDO,2025-09-24 17:00:00,21.4,112.0,165.0,TY
25-TC14,2025,NANDO,2025-09-24 20:00:00,21.4,111.5,165.0,TY
25-TC14,2025,NANDO,2025-09-24 23:00:00,21.0,110.9,165.0,TY
25-TC14,2025,NANDO,2025-09-25 02:00:00,21.4,110.1,120.0,TY
25-TC14,2025,NANDO,2025-09-25 05:00:00,21.4,109.6,130.0,TY
25-TC14,2025,NANDO,2025-09-25 08:00:00,21.5,108.7,100.0,STS
25-TC14,2025,NANDO,2025-09-25 11:00:00,21.0,108.5,150.0,TY
25-TC14,2025,NANDO,2025-09-25 14:00:00,21.5,107.5,95.0,STS
25-TC14,2025,NANDO,2025-09-25 17:00:00,20.2,107.5,110.0,STS
25-TC14,2025,NANDO,2025-09-25 20:00:00,20.3,107.0,120.0,TY
25-TC14,2025,NANDO,2025-09-25 23:00:00,20.2,106.3,120.0,TY
25-TC14,2025,NANDO,2025-09-26 02:00:00,20.5,105.5,75.0,TS
25-TC15,2025,OPONG,2025-09-24 02:00:00,9.7,134.4,65.0,TS
25-TC15,2025,OPONG,2025-09-24 08:00:00,9.8,133.5,65.0,TS
25-TC15,2025,OPONG,2025-09-24 14:00:00,10.2,132.6,75.0,TS
25-TC15,2025,OPONG,2025-09-24 20:00:00,10.2,131.6,100.0,STS
25-TC15,2025,OPONG,2025-09-25 02:00:00,10.9,130.1,60.0,STS
25-TC15,2025,OPONG,2025-09-25 08:00:00,11.2,129.5,120.0,TY
25-TC15,2025,OPONG,2025-09-25 14:00:00,11.9,128.1,120.0,TY
25-TC15,2025,OPONG,2025-09-25 17:00:00,11.9,127.6,120.0,TY
25-TC15,2025,OPONG,2025-09-25 20:00:00,12.1,126.7,120.0,TY
25-TC15,2025,OPONG,2025-09-25 23:00:00,12.3,126.4,120.0,TY
25-TC15,2025,OPONG,2025-09-26 02:00:00,12.3,125.5,120.0,TY
25-TC15,2025,OPONG,2025-09-26 05:00:00,12.5,124.8,120.0,TY
25-TC15,2025,OPONG,2025-09-26 08:00:00,12.6,123.4,120.0,TY
25-TC15,2025,OPONG,2025-09-26 11:00:00,13.0,122.8,120.0,TY
25-TC15,2025,OPONG,2025-09-26 14:00:00,13.1,121.7,110.0,STS
25-TC15,2025,OPONG,2025-09-26 17:00:00,13.1,120.7,110.0,STS
25-TC15,2025,OPONG,2025-09-26 20:00:00,13.2,119.4,110.0,STS
25-TC15,2025,OPONG,2025-09-26 23:00:00,13.1,118.4,120.0,TY
25-TC15,2025,OPONG,2025-09-27 02:00:00,14.2,117.2,120.0,TY
25-TC15,2025,OPONG,2025-09-27 05:00:00,14.4,116.3,120.0,TY
25-TC15,2025,OPONG,2025-09-27 08:00:00,14.8,115.5,120.0,TY
25-TC15,2025,OPONG,2025-09-27 11:00:00,14.3,115.4,130.0,TY
25-TC15,2025,OPONG,2025-09-27 14:00:00,15.1,113.7,130.0,TY
25-TC15,2025,OPONG,2025-09-27 17:00:00,15.1,112.8,130.0,TY
25-TC15,2025,OPONG,2025-09-27 20:00:00,15.5,112.2,130.0,TY
25-TC15,2025,OPONG,2025-09-27 23:00:00,15.5,112.0,130.0,TY
25-TC15,2025,OPONG,2025-09-28 02:00:00,16.0,110.7,140.0,TY
25-TC15,2025,OPONG,2025-09-28 05:00:00,15.7,110.1,140.0,TY
25-TC15,2025,OPONG,2025-09-28 08:00:00,16.4,109.6,140.0,TY
25-TC15,2025,OPONG,2025-09-28 11:00:00,16.4,109.5,140.0,TY
25-TC15,2025,OPONG,2025-09-28 14:00:00,16.6,108.7,150.0,TY
25-TC15,2025,OPONG,2025-09-28 17:00:00,16.8,108.1,150.0,TY
25-TC15,2025,OPONG,2025-09-28 20:00:00,18.0,109.1,130.0,TY
25-TC15,2025,OPONG,2025-09-28 23:00:00,17.5,107.8,150.0,TY
25-TC15,2025,OPONG,2025-09-29 02:00:00,19.8,105.5,100.0,STS
25-TC15,2025,OPONG,2025-09-29 08:00:00,19.2,109.6,140.0,TY
25-TC15,2025,OPONG,2025-09-29 14:00:00,17.0,108.3,150.0,TY
25-TC15,2025,OPONG,2025-09-29 17:00:00,18.7,107.6,130.0,TY
25-TC15,2025,OPONG,2025-09-29 20:00:00,19.5,106.8,120.0,TY
25-TC15,2025,OPONG,2025-09-29 23:00:00,19.3,106.5,120.0,TY
25-TC16,2025,PAOLO,2025-10-01 20:00:00,14.5,130.3,55.0,TD
25-TC16,2025,PAOLO,2025-10-02 02:00:00,14.6,129.1,65.0,TS
25-TC16,2025,PAOLO,2025-10-02 08:00:00,14.6,127.5,65.0,TS
25-TC16,2025,PAOLO,2025-10-02 14:00:00,15.2,126.3,85.0,TS
25-TC16,2025,PAOLO,2025-10-02 20:00:00,15.6,124.8,95.0,STS
25-TC16,2025,PAOLO,2025-10-02 23:00:00,15.6,124.0,95.0,STS
25-TC16,2025,PAOLO,2025-10-03 02:00:00,15.8,124.1,100.0,STS
25-TC16,2025,PAOLO,2025-10-03 05:00:00,16.1,123.6,100.0,STS
25-TC16,2025,PAOLO,2025-10-03 08:00:00,16.4,122.6,110.0,STS
25-TC16,2025,PAOLO,2025-10-03 11:00:00,16.5,122.2,110.0,STS
25-TC16,2025,PAOLO,2025-10-03 14:00:00,16.7,121.2,110.0,STS
25-TC16,2025,PAOLO,2025-10-03 17:00:00,17.2,120.5,100.0,STS
25-TC16,2025,PAOLO,2025-10-03 20:00:00,17.3,119.4,110.0,STS
25-TC16,2025,PAOLO,2025-10-03 23:00:00,17.6,118.6,110.0,STS
25-TC16,2025,PAOLO,2025-10-04 02:00:00,17.7,118.0,120.0,TY
25-TC16,2025,PAOLO,2025-10-04 05:00:00,17.9,117.4,130.0,TY
25-TC16,2025,PAOLO,2025-10-04 08:00:00,18.0,116.5,130.0,TY
25-TC16,2025,PAOLO,2025-10-04 11:00:00,18.2,116.0,120.0,TY
25-TC16,2025,PAOLO,2025-10-04 14:00:00,18.5,115.2,130.0,TY
25-TC16,2025,PAOLO,2025-10-04 17:00:00,18.7,114.7,140.0,TY
25-TC16,2025,PAOLO,2025-10-04 20:00:00,18.9,114.1,130.0,TY
25-TC16,2025,PAOLO,2025-10-04 23:00:00,19.1,113.4,130.0,TY
25-TC16,2025,PAOLO,2025-10-05 02:00:00,19.5,112.6,140.0,TY
25-TC16,2025,PAOLO,2025-10-05 05:00:00,19.6,112.3,150.0,TY
25-TC16,2025,PAOLO,2025-10-05 08:00:00,20.0,111.8,140.0,TY
25-TC16,2025,PAOLO,2025-10-05 11:00:00,20.1,111.1,150.0,TY
25-TC16,2025,PAOLO,2025-10-05 14:00:00,20.5,110.6,130.0,TY
25-TC16,2025,PAOLO,2025-10-05 17:00:00,20.8,110.1,140.0,TY
25-TC16,2025,PAOLO,2025-10-05 20:00:00,21.2,109.6,120.0,TY
25-TC16,2025,PAOLO,2025-10-05 23:00:00,21.0,108.9,120.0,TY
25-TC16,2025,PAOLO,2025-10-06 02:00:00,21.6,108.6,110.0,STS
25-TC16,2025,PAOLO,2025-10-06 05:00:00,21.8,108.2,100.0,STS
25-TC16,2025,PAOLO,2025-10-06 08:00:00,21.3,106.9,120.0,TY
25-TC16,2025,PAOLO,2025-10-06 11:00:00,21.5,106.6,120.0,TY
25-TC16,2025,PAOLO,2025-10-06 14:00:00,21.8,106.7,95.0,STS
25-TC16,2025,PAOLO,2025-10-06 17:00:00,22.3,105.9,85.0,TS
25-TC16,2025,PAOLO,2025-10-06 20:00:00,21.9,106.0,110.0,STS
25-TC17,2025,QUEDAN,2025-10-10 02:00:00,25.4,133.4,75.0,TS
25-TC17,2025,QUEDAN,2025-10-10 08:00:00,26.0,132.7,75.0,TS
25-TC17,2025,QUEDAN,2025-10-10 14:00:00,26.9,132.4,75.0,TS
25-TC17,2025,QUEDAN,2025-10-10 20:00:00,27.0,131.2,85.0,TS
25-TC17,2025,QUEDAN,2025-10-11 02:00:00,27.8,131.5,85.0,TS
25-TC17,2025,QUEDAN,2025-10-11 08:00:00,27.9,130.3,95.0,STS
25-TC18,2025,RAMIL,2025-10-17 14:00:00,14.1,129.4,55.0,TD
25-TC18,2025,RAMIL,2025-10-17 20:00:00,13.1,127.6,65.0,TS
25-TC18,2025,RAMIL,2025-10-18 02:00:00,12.8,127.1,65.0,TS
25-TC18,2025,RAMIL,2025-10-18 05:00:00,13.0,126.5,65.0,TS
25-TC18,2025,RAMIL,2025-10-18 08:00:00,13.0,126.0,65.0,TS
25-TC18,2025,RAMIL,2025-10-18 11:00:00,13.6,125.2,65.0,TS
25-TC18,2025,RAMIL,2025-10-18 14:00:00,13.7,124.8,75.0,TS
25-TC18,2025,RAMIL,2025-10-18 17:00:00,13.9,124.4,75.0,TS
25-TC18,2025,RAMIL,2025-10-18 20:00:00,13.6,124.3,75.0,TS
25-TC18,2025,RAMIL,2025-10-18 23:00:00,14.1,123.3,65.0,TS
25-TC18,2025,RAMIL,2025-10-19 02:00:00,14.7,122.5,,
25-TC18,2025,RAMIL,2025-10-19 05:00:00,15.1,122.0,,
25-TC18,2025,RAMIL,2025-10-19 08:00:00,15.0,121.8,75.0,TS
25-TC18,2025,RAMIL,2025-10-19 11:00:00,15.3,121.2,75.0,TS
25-TC18,2025,RAMIL,2025-10-19 14:00:00,15.5,120.1,65.0,TS
25-TC18,2025,RAMIL,2025-10-19 17:00:00,15.7,119.8,65.0,TS
25-TC18,2025,RAMIL,2025-10-19 20:00:00,16.4,118.8,75.0,TS
25-TC18,2025,RAMIL,2025-10-19 23:00:00,16.2,118.2,75.0,TS
25-TC18,2025,RAMIL,2025-10-20 02:00:00,17.0,117.1,75.0,TS
25-TC18,2025,RAMIL,2025-10-20 05:00:00,17.2,117.8,75.0,TS
25-TC18,2025,RAMIL,2025-10-20 08:00:00,17.1,116.5,85.0,TS
25-TC18,2025,RAMIL,2025-10-20 11:00:00,17.8,115.4,85.0,TS
25-TC18,2025,RAMIL,2025-10-20 14:00:00,18.4,114.8,75.0,TS
25-TC18,2025,RAMIL,2025-10-20 17:00:00,18.3,115.6,85.0,TS
25-TC18,2025,RAMIL,2025-10-20 20:00:00,18.3,114.1,50.0,STS
25-TC18,2025,RAMIL,2025-10-20 23:00:00,18.1,113.7,95.0,STS
25-TC18,2025,RAMIL,2025-10-21 02:00:00,18.2,113.7,85.0,TS
25-TC18,2025,RAMIL,2025-10-21 05:00:00,18.6,114.3,95.0,STS
25-TC18,2025,RAMIL,2025-10-21 08:00:00,17.9,112.6,55.0,STS
25-TC18,2025,RAMIL,2025-10-21 11:00:00,17.8,112.4,100.0,STS
25-TC18,2025,RAMIL,2025-10-21 14:00:00,18.0,112.9,95.0,STS
25-TC18,2025,RAMIL,2025-10-21 17:00:00,18.5,113.6,100.0,STS
25-TC18,2025,RAMIL,2025-10-21 20:00:00,17.2,111.8,55.0,STS
25-TC18,2025,RAMIL,2025-10-21 23:00:00,17.3,111.5,100.0,STS
25-TC18,2025,RAMIL,2025-10-22 02:00:00,17.5,111.9,100.0,STS
25-TC18,2025,RAMIL,2025-10-22 05:00:00,18.2,113.0,100.0,STS
25-TC18,2025,RAMIL,2025-10-22 08:00:00,16.3,110.8,45.0,TS
25-TC18,2025,RAMIL,2025-10-22 11:00:00,16.7,110.6,100.0,STS
25-TC18,2025,RAMIL,2025-10-22 14:00:00,16.6,110.7,95.0,STS
25-TC18,2025,RAMIL,2025-10-22 17:00:00,17.0,112.3,,
25-TC18,2025,RAMIL,2025-10-22 20:00:00,15.4,109.7,40.0,TS
25-TC18,2025,RAMIL,2025-10-22 23:00:00,17.0,111.4,95.0,STS
25-TC18,2025,RAMIL,2025-10-23 02:00:00,15.8,109.7,75.0,TS
25-TC18,2025,RAMIL,2025-10-23 05:00:00,16.8,110.7,95.0,STS
25-TC18,2025,RAMIL,2025-10-23 08:00:00,15.4,109.0,95.0,STS
25-TC18,2025,RAMIL,2025-10-23 11:00:00,15.3,108.5,85.0,TS
25-TC18,2025,RAMIL,2025-10-23 14:00:00,15.0,109.1,55.0,TD
25-TC18,2025,RAMIL,2025-10-23 17:00:00,14.7,109.6,,
25-TC18,2025,RAMIL,2025-10-23 20:00:00,14.8,109.5,85.0,TS
25-TC18,2025,RAMIL,2025-10-23 23:00:00,15.1,109.1,85.0,TS
25-TC18,2025,RAMIL,2025-10-24 02:00:00,15.5,108.6,85.0,TS
25-TC18,2025,RAMIL,2025-10-24 05:00:00,15.3,108.3,85.0,TS
25-TC19,2025,SALOME,2025-10-19 08:00:00,17.8,118.1,55.0,TD
25-TC19,2025,SALOME,2025-10-22 20:00:00,21.1,122.3,55.0,TD
25-TC19,2025,SALOME,2025-10-22 23:00:00,20.8,122.0,55.0,TD
25-TC19,2025,SALOME,2025-10-23 02:00:00,20.6,121.8,55.0,TD
25-TC19,2025,SALOME,2025-10-23 05:00:00,20.2,121.4,55.0,TD
25-TC19,2025,SALOME,2025-10-23 08:00:00,19.9,121.1,55.0,TD
25-TC19,2025,SALOME,2025-10-23 11:00:00,19.4,120.5,55.0,TD
25-TC19,2025,SALOME,2025-10-23 14:00:00,19.1,120.2,55.0,TD
25-TC19,2025,SALOME,2025-10-23 17:00:00,18.7,120.0,45.0,TD
25-TC19,2025,SALOME,2025-10-23 20:00:00,18.3,119.3,45.0,TD
25-TC19,2025,SALOME,2025-10-23 23:00:00,18.3,118.8,55.0,TD
25-TC19,2025,SALOME,2025-10-24 02:00:00,17.5,117.8,,
25-TC19,2025,SALOME,2025-10-24 05:00:00,17.0,117.7,,
25-TC19,2025,SALOME,2025-10-24 08:00:00,16.7,117.1,,
25-TC19,2025,SALOME,2025-10-24 11:00:00,17.0,116.6,,
25-TC19,2025,SALOME,2025-10-24 20:00:00,17.3,116.7,,
25-TC19,2025,SALOME,2025-10-24 23:00:00,17.2,116.4,,
25-TC20,2025,TINO,2025-11-02 20:00:00,11.2,132.3,100.0,STS
25-TC20,2025,TINO,2025-11-03 02:00:00,11.3,130.5,110.0,STS
25-TC20,2025,TINO,2025-11-03 08:00:00,11.0,129.1,120.0,TY
25-TC20,2025,TINO,2025-11-03 14:00:00,10.6,128.1,130.0,TY
25-TC20,2025,TINO,2025-11-03 17:00:00,10.4,127.2,130.0,TY
25-TC20,2025,TINO,2025-11-03 20:00:00,10.2,125.9,155.0,TY
25-TC20,2025,TINO,2025-11-04 02:00:00,10.4,124.5,150.0,TY
25-TC20,2025,TINO,2025-11-04 05:00:00,10.6,123.8,140.0,TY
25-TC20,2025,TINO,2025-11-04 08:00:00,10.6,123.0,150.0,TY
25-TC20,2025,TINO,2025-11-04 11:00:00,10.7,122.2,140.0,TY
25-TC20,2025,TINO,2025-11-04 14:00:00,10.9,121.8,140.0,TY
25-TC20,2025,TINO,2025-11-04 17:00:00,11.2,121.7,140.0,TY
25-TC20,2025,TINO,2025-11-04 20:00:00,11.0,120.9,140.0,TY
25-TC20,2025,TINO,2025-11-04 23:00:00,11.1,120.3,140.0,TY
25-TC20,2025,TINO,2025-11-05 02:00:00,11.2,120.0,140.0,TY
25-TC20,2025,TINO,2025-11-05 05:00:00,11.4,119.4,140.0,TY
25-TC20,2025,TINO,2025-11-05 08:00:00,11.4,119.0,130.0,TY
25-TC20,2025,TINO,2025-11-05 11:00:00,11.4,118.5,130.0,TY
25-TC20,2025,TINO,2025-11-05 14:00:00,11.7,117.8,130.0,TY
25-TC20,2025,TINO,2025-11-05 17:00:00,11.9,117.2,130.0,TY
25-TC20,2025,TINO,2025-11-05 20:00:00,12.2,116.3,140.0,TY
25-TC20,2025,TINO,2025-11-05 23:00:00,12.3,115.9,140.0,TY
25-TC20,2025,TINO,2025-11-06 02:00:00,13.0,114.6,155.0,TY
25-TC20,2025,TINO,2025-11-06 05:00:00,12.7,114.4,140.0,TY
25-TC20,2025,TINO,2025-11-06 08:00:00,13.2,113.0,155.0,TY
25-TC20,2025,TINO,2025-11-06 11:00:00,12.9,113.1,150.0,TY
25-TC20,2025,TINO,2025-11-06 14:00:00,13.8,110.9,150.0,TY
25-TC20,2025,TINO,2025-11-06 17:00:00,13.4,111.3,155.0,TY
25-TC20,2025,TINO,2025-11-06 20:00:00,13.7,109.3,155.0,TY
25-TC20,2025,TINO,2025-11-06 23:00:00,13.5,110.1,155.0,TY
25-TC20,2025,TINO,2025-11-07 02:00:00,13.7,109.3,155.0,TY
25-TC20,2025,TINO,2025-11-07 05:00:00,13.9,108.8,150.0,TY
25-TC20,2025,TINO,2025-11-07 08:00:00,15.0,107.3,110.0,STS
25-TC20,2025,TINO,2025-11-07 11:00:00,14.7,107.6,130.0,TY
25-TC20,2025,TINO,2025-11-07 14:00:00,15.4,105.7,130.0,TY
25-TC20,2025,TINO,2025-11-07 17:00:00,15.6,105.2,85.0,TS
25-TC20,2025,TINO,2025-11-07 20:00:00,15.8,105.1,85.0,TS
25-TC20,2025,TINO,2025-11-08 02:00:00,15.5,105.6,95.0,STS
25-TC21,2025,UWAN,2025-11-08 02:00:00,12.0,133.8,140.0,TY
25-TC21,2025,UWAN,2025-11-08 08:00:00,12.5,132.5,150.0,TY
25-TC21,2025,UWAN,2025-11-08 14:00:00,13.1,130.4,165.0,TY
25-TC21,2025,UWAN,2025-11-08 20:00:00,13.2,128.6,155.0,TY
25-TC21,2025,UWAN,2025-11-09 02:00:00,13.6,126.9,175.0,TY
25-TC21,2025,UWAN,2025-11-09 08:00:00,14.3,124.9,185.0,STY
25-TC21,2025,UWAN,2025-11-09 11:00:00,14.4,124.1,185.0,STY
25-TC21,2025,UWAN,2025-11-09 14:00:00,15.1,123.3,195.0,STY
25-TC21,2025,UWAN,2025-11-09 17:00:00,15.0,122.8,195.0,STY
25-TC21,2025,UWAN,2025-11-09 20:00:00,15.6,121.9,195.0,STY
25-TC21,2025,UWAN,2025-11-09 23:00:00,15.9,121.2,155.0,TY
25-TC21,2025,UWAN,2025-11-10 02:00:00,16.3,120.2,140.0,TY
25-TC21,2025,UWAN,2025-11-10 05:00:00,16.5,119.8,140.0,TY
25-TC21,2025,UWAN,2025-11-10 08:00:00,17.0,119.7,140.0,TY
25-TC21,2025,UWAN,2025-11-10 11:00:00,17.4,119.1,140.0,TY
25-TC21,2025,UWAN,2025-11-10 14:00:00,17.7,118.6,130.0,TY
25-TC21,2025,UWAN,2025-11-10 17:00:00,18.1,118.4,130.0,TY
25-TC21,2025,UWAN,2025-11-10 20:00:00,18.0,118.2,140.0,TY
25-TC21,2025,UWAN,2025-11-10 23:00:00,18.4,118.2,140.0,TY
25-TC21,2025,UWAN,2025-11-11 02:00:00,18.7,118.2,130.0,TY
25-TC21,2025,UWAN,2025-11-11 05:00:00,19.2,117.8,140.0,TY
25-TC21,2025,UWAN,2025-11-11 08:00:00,19.5,118.2,130.0,TY
25-TC21,2025,UWAN,2025-11-11 11:00:00,19.5,118.0,140.0,TY
25-TC21,2025,UWAN,2025-11-11 14:00:00,20.3,118.2,110.0,STS
25-TC21,2025,UWAN,2025-11-11 17:00:00,20.4,117.8,150.0,TY
25-TC21,2025,UWAN,2025-11-11 20:00:00,20.7,118.4,110.0,STS
25-TC21,2025,UWAN,2025-11-11 23:00:00,20.5,118.2,130.0,TY
25-TC21,2025,UWAN,2025-11-12 02:00:00,21.1,118.9,95.0,STS
25-TC21,2025,UWAN,2025-11-12 05:00:00,21.8,118.5,140.0,TY
25-TC21,2025,UWAN,2025-11-12 08:00:00,21.6,119.5,85.0,TS
25-TC21,2025,UWAN,2025-11-12 11:00:00,21.8,118.6,120.0,TY
25-TC21,2025,UWAN,2025-11-12 14:00:00,22.1,120.2,85.0,TS
25-TC21,2025,UWAN,2025-11-12 17:00:00,22.9,119.5,120.0,TY
25-TC21,2025,UWAN,2025-11-12 20:00:00,22.0,120.5,65.0,TS
25-TC21,2025,UWAN,2025-11-12 23:00:00,22.8,119.5,100.0,STS
25-TC21,2025,UWAN,2025-11-13 02:00:00,22.7,121.4,55.0,TD
25-TC21,2025,UWAN,2025-11-13 05:00:00,23.9,120.8,85.0,TS
25-TC21,2025,UWAN,2025-11-13 08:00:00,24.4,123.1,,
25-TC21,2025,UWAN,2025-11-13 11:00:00,24.3,121.5,75.0,TS
25-TC21,2025,UWAN,2025-11-13 14:00:00,25.4,124.7,,
25-TC21,2025,UWAN,2025-11-13 17:00:00,24.0,122.5,65.0,TS
25-TC21,2025,UWAN,2025-11-13 20:00:00,25.2,126.3,,
25-TC21,2025,UWAN,2025-11-13 23:00:00,24.6,123.0,65.0,TS
25-TC21,2025,UWAN,2025-11-14 02:00:00,25.4,127.1,,
25-TC21,2025,UWAN,2025-11-14 05:00:00,25.1,123.7,,
25-TC21,2025,UWAN,2025-11-14 08:00:00,25.2,128.3,,
25-TC21,2025,UWAN,2025-11-14 11:00:00,25.2,124.8,,
25-TC21,2025,UWAN,2025-11-14 14:00:00,24.5,126.4,,
25-TC21,2025,UWAN,2025-11-14 17:00:00,24.9,125.9,,
25-TC21,2025,UWAN,2025-11-14 20:00:00,24.0,127.1,,
25-TC21,2025,UWAN,2025-11-14 23:00:00,25.5,127.6,,
25-TC21,2025,UWAN,2025-11-15 02:00:00,25.6,127.3,,
25-TC22,2025,VERBENA,2025-11-24 14:00:00,9.8,126.3,55.0,TD
25-TC22,2025,VERBENA,2025-11-24 17:00:00,9.7,125.8,55.0,TD
25-TC22,2025,VERBENA,2025-11-24 20:00:00,9.9,125.8,55.0,TD
25-TC22,2025,VERBENA,2025-11-24 23:00:00,9.8,124.2,45.0,TD
25-TC22,2025,VERBENA,2025-11-25 02:00:00,9.8,123.6,45.0,TD
25-TC22,2025,VERBENA,2025-11-25 05:00:00,10.0,122.9,45.0,TD
25-TC22,2025,VERBENA,2025-11-25 08:00:00,10.2,122.5,55.0,TD
25-TC22,2025,VERBENA,2025-11-25 11:00:00,10.4,121.9,55.0,TD
25-TC22,2025,VERBENA,2025-11-25 14:00:00,10.8,121.2,55.0,TD
25-TC22,2025,VERBENA,2025-11-25 17:00:00,11.0,120.7,55.0,TD
25-TC22,2025,VERBENA,2025-11-25 20:00:00,11.3,120.2,65.0,TS
25-TC22,2025,VERBENA,2025-11-25 23:00:00,11.6,119.6,65.0,TS
25-TC22,2025,VERBENA,2025-11-26 02:00:00,11.8,118.8,65.0,TS
25-TC22,2025,VERBENA,2025-11-26 05:00:00,12.0,118.2,75.0,TS
25-TC22,2025,VERBENA,2025-11-26 08:00:00,12.2,117.8,75.0,TS
25-TC22,2025,VERBENA,2025-11-26 11:00:00,12.3,117.5,85.0,TS
25-TC22,2025,VERBENA,2025-11-26 14:00:00,12.5,116.5,95.0,STS
25-TC22,2025,VERBENA,2025-11-26 17:00:00,12.5,115.7,95.0,STS
25-TC22,2025,VERBENA,2025-11-26 20:00:00,12.8,115.5,100.0,STS
25-TC22,2025,VERBENA,2025-11-26 23:00:00,12.6,115.6,95.0,STS
25-TC22,2025,VERBENA,2025-11-27 02:00:00,12.8,115.0,100.0,STS
25-TC22,2025,VERBENA,2025-11-27 05:00:00,12.5,114.5,100.0,STS
25-TC22,2025,VERBENA,2025-11-27 08:00:00,12.7,114.3,100.0,STS
25-TC22,2025,VERBENA,2025-11-27 11:00:00,12.6,114.5,100.0,STS
25-TC22,2025,VERBENA,2025-11-27 14:00:00,12.8,113.6,120.0,TY
25-TC22,2025,VERBENA,2025-11-27 17:00:00,12.3,113.5,110.0,STS
25-TC22,2025,VERBENA,2025-11-27 20:00:00,12.8,113.4,130.0,TY
25-TC22,2025,VERBENA,2025-11-27 23:00:00,12.2,113.5,110.0,STS
25-TC22,2025,VERBENA,2025-11-28 02:00:00,12.8,112.9,120.0,TY
25-TC22,2025,VERBENA,2025-11-28 05:00:00,12.0,112.8,100.0,STS
25-TC22,2025,VERBENA,2025-11-28 08:00:00,12.9,112.6,110.0,STS
25-TC22,2025,VERBENA,2025-11-28 11:00:00,12.1,112.6,100.0,STS
25-TC22,2025,VERBENA,2025-11-28 14:00:00,12.8,112.3,110.0,STS
25-TC22,2025,VERBENA,2025-11-28 17:00:00,12.1,112.1,95.0,STS
25-TC22,2025,VERBENA,2025-11-28 20:00:00,13.0,112.1,100.0,STS
25-TC22,2025,VERBENA,2025-11-28 23:00:00,12.3,112.0,95.0,STS
25-TC22,2025,VERBENA,2025-11-29 02:00:00,13.1,111.9,100.0,STS
25-TC22,2025,VERBENA,2025-11-29 05:00:00,12.6,110.7,85.0,TS
25-TC22,2025,VERBENA,2025-11-29 08:00:00,13.4,111.9,100.0,STS
25-TC22,2025,VERBENA,2025-11-29 11:00:00,12.7,111.5,85.0,TS
25-TC22,2025,VERBENA,2025-11-29 14:00:00,13.5,111.8,100.0,STS
25-TC22,2025,VERBENA,2025-11-29 17:00:00,13.1,111.2,85.0,TS
25-TC22,2025,VERBENA,2025-11-29 20:00:00,13.8,111.8,100.0,STS
25-TC22,2025,VERBENA,2025-11-29 23:00:00,13.7,111.1,85.0,TS
25-TC22,2025,VERBENA,2025-11-30 02:00:00,14.0,111.8,110.0,STS
25-TC22,2025,VERBENA,2025-11-30 05:00:00,14.4,108.5,55.0,TD
25-TC22,2025,VERBENA,2025-11-30 08:00:00,14.2,111.7,110.0,STS
25-TC22,2025,VERBENA,2025-11-30 11:00:00,14.1,110.6,65.0,TS
25-TC22,2025,VERBENA,2025-11-30 14:00:00,14.3,111.7,120.0,TY
25-TC22,2025,VERBENA,2025-11-30 17:00:00,14.3,110.3,85.0,TS
25-TC22,2025,VERBENA,2025-11-30 20:00:00,14.4,111.4,120.0,TY
25-TC22,2025,VERBENA,2025-11-30 23:00:00,15.0,110.8,85.0,TS
25-TC22,2025,VERBENA,2025-12-01 02:00:00,13.7,111.0,95.0,STS
25-TC22,2025,VERBENA,2025-12-01 08:00:00,14.0,111.1,110.0,STS
25-TC22,2025,VERBENA,2025-12-01 14:00:00,14.1,110.7,110.0,STS
25-TC22,2025,VERBENA,2025-12-01 20:00:00,13.9,110.1,110.0,STS
25-TC22,2025,VERBENA,2025-12-02 02:00:00,13.3,110.2,95.0,STS
25-TC22,2025,VERBENA,2025-12-02 08:00:00,13.7,109.5,75.0,TS
25-TC22,2025,VERBENA,2025-12-02 14:00:00,14.2,109.2,75.0,TS
25-TC22,2025,VERBENA,2025-12-02 20:00:00,13.9,108.7,75.0,TS
25-TC23,2025,WILMA,2025-12-04 20:00:00,11.7,128.4,45.0,TD
25-TC23,2025,WILMA,2025-12-05 02:00:00,11.6,128.2,45.0,TD
25-TC23,2025,WILMA,2025-12-05 08:00:00,11.4,127.2,55.0,TD
25-TC23,2025,WILMA,2025-12-05 14:00:00,11.3,126.7,55.0,TD
25-TC23,2025,WILMA,2025-12-05 17:00:00,11.1,126.3,55.0,TD
25-TC23,2025,WILMA,2025-12-05 20:00:00,11.3,126.3,45.0,TD
25-TC23,2025,WILMA,2025-12-05 23:00:00,11.3,126.3,45.0,TD
25-TC23,2025,WILMA,2025-12-06 02:00:00,11.5,126.5,45.0,TD
25-TC23,2025,WILMA,2025-12-06 05:00:00,11.5,126.3,45.0,TD
25-TC23,2025,WILMA,2025-12-06 08:00:00,11.6,126.0,45.0,TD
25-TC23,2025,WILMA,2025-12-06 11:00:00,11.6,125.8,45.0,TD
25-TC23,2025,WILMA,2025-12-06 14:00:00,11.5,125.0,45.0,TD
25-TC23,2025,WILMA,2025-12-06 17:00:00,11.5,124.9,45.0,TD
25-TC23,2025,WILMA,2025-12-06 20:00:00,11.9,125.4,45.0,TD
25-TC23,2025,WILMA,2025-12-06 23:00:00,11.8,125.1,45.0,TD
25-TC23,2025,WILMA,2025-12-07 02:00:00,11.9,124.7,45.0,TD
25-TC23,2025,WILMA,2025-12-07 05:00:00,12.0,124.5,45.0,TD
25-TC23,2025,WILMA,2025-12-07 08:00:00,12.1,124.4,45.0,TD
25-TC23,2025,WILMA,2025-12-07 11:00:00,12.1,124.2,45.0,TD
25-TC23,2025,WILMA,2025-12-07 14:00:00,12.0,123.2,45.0,TD
25-TC23,2025,WILMA,2025-12-07 17:00:00,11.8,122.8,45.0,TD
25-TC23,2025,WILMA,2025-12-07 20:00:00,11.7,122.2,45.0,TD
25-TC23,2025,WILMA,2025-12-07 23:00:00,11.6,121.8,45.0,TD
25-TC23,2025,WILMA,2025-12-08 02:00:00,11.6,121.2,45.0,TD
25-TC23,2025,WILMA,2025-12-08 05:00:00,11.3,120.8,,
25-TC23,2025,WILMA,2025-12-08 08:00:00,11.3,120.0,45.0,TD
25-TC23,2025,WILMA,2025-12-08 11:00:00,11.2,119.5,45.0,TD
25-TC23,2025,WILMA,2025-12-08 14:00:00,11.1,119.3,45.0,TD
25-TC23,2025,WILMA,2025-12-08 17:00:00,10.9,117.9,45.0,TD
25-TC23,2025,WILMA,2025-12-08 20:00:00,10.9,117.5,45.0,TD
25-TC23,2025,WILMA,2025-12-08 23:00:00,10.8,117.1,45.0,TD
25-TC23,2025,WILMA,2025-12-09 02:00:00,10.4,116.5,,
25-TC23,2025,WILMA,2025-12-09 05:00:00,10.5,115.8,45.0,TD
25-TC23,2025,WILMA,2025-12-09 08:00:00,10.5,115.3,45.0,TD
25-TC23,2025,WILMA,2025-12-09 11:00:00,10.4,114.9,45.0,TD
25-TC23,2025,WILMA,2025-12-09 14:00:00,9.9,113.5,45.0,TD
25-TC23,2025,WILMA,2025-12-09 17:00:00,10.0,113.3,45.0,TD
25-TC23,2025,WILMA,2025-12-09 20:00:00,10.1,112.9,45.0,TD
25-TC23,2025,WILMA,2025-12-09 23:00:00,10.1,112.6,,
25-TC23,2025,WILMA,2025-12-10 02:00:00,10.5,110.7,45.0,TD
25-TC23,2025,WILMA,2025-12-10 05:00:00,10.5,110.5,45.0,TD
25-TC23,2025,WILMA,2025-12-10 08:00:00,9.8,110.6,,
25-TC23,2025,WILMA,2025-12-10 11:00:00,9.0,110.2,,
25-TC23,2025,WILMA,2025-12-10 14:00:00,9.6,110.1,,
25-TC23,2025,WILMA,2025-12-10 17:00:00,9.7,109.9,,
25-TC23,2025,WILMA,2025-12-10 20:00:00,9.8,109.7,,
25-TC23,2025,WILMA,2025-12-10 23:00:00,9.7,108.3,45.0,TD
25-TC23,2025,WILMA,2025-12-11 02:00:00,10.7,107.9,,
25-TC23,2025,WILMA,2025-12-11 05:00:00,10.7,107.6,,
